SET SEARCH_PATH TO RTDS_DB;

-- 1. Zone table: This is the highest level of the railway org hierarchy.
-- All 10 zones of Indian Railways are listed here with their HQ cities.
-- Everything else in the database — divisions, stations, staff — traces back to these.
INSERT INTO zone (zone_id, zone_name, zone_headquarters) VALUES
('Z001', 'Northern Railway',         'New Delhi'),
('Z002', 'Western Railway',          'Mumbai'),
('Z003', 'Southern Railway',         'Chennai'),
('Z004', 'Eastern Railway',          'Kolkata'),
('Z005', 'Central Railway',          'Mumbai'),
('Z006', 'South Central Railway',    'Secunderabad'),
('Z007', 'North Eastern Railway',    'Gorakhpur'),
('Z008', 'East Central Railway',     'Hajipur'),
('Z009', 'North Western Railway',    'Jaipur'),
('Z010', 'South Western Railway',    'Hubli');

-- 2. Division table: Zones are further split into divisions for operational management.
-- Populating all 50 divisions across the 10 zones before inserting stations or staff,
-- since both those tables have division_id as a foreign key.
INSERT INTO division (division_id, zone_id, division_name, division_headquarters) VALUES
('D001', 'Z001', 'Delhi Division',           'New Delhi'),
('D002', 'Z001', 'Ambala Division',          'Ambala'),
('D003', 'Z002', 'Mumbai Division',          'Mumbai'),
('D004', 'Z002', 'Ahmedabad Division',       'Ahmedabad'),
('D005', 'Z003', 'Chennai Division',         'Chennai'),
('D006', 'Z003', 'Bangalore Division',       'Bangalore'),
('D007', 'Z004', 'Howrah Division',          'Howrah'),
('D008', 'Z004', 'Asansol Division',         'Asansol'),
('D009', 'Z005', 'Mumbai CST Division',      'Mumbai'),
('D010', 'Z005', 'Pune Division',            'Pune'),
('D011', 'Z006', 'Secunderabad Division',    'Secunderabad'),
('D012', 'Z006', 'Hyderabad Division',       'Hyderabad'),
('D013', 'Z007', 'Gorakhpur Division',       'Gorakhpur'),
('D014', 'Z007', 'Lucknow Division',         'Lucknow'),
('D015', 'Z008', 'Danapur Division',         'Patna'),
('D016', 'Z008', 'Dhanbad Division',         'Dhanbad'),
('D017', 'Z009', 'Jaipur Division',          'Jaipur'),
('D018', 'Z009', 'Ajmer Division',           'Ajmer'),
('D019', 'Z010', 'Hubli Division',           'Hubli'),
('D020', 'Z010', 'Mysore Division',          'Mysore'),
('D021', 'Z002', 'Ratlam Division',          'Ratlam'),
('D022', 'Z002', 'Rajkot Division',          'Rajkot'),
('D023', 'Z002', 'Bhavnagar Division',       'Bhavnagar'),
('D024', 'Z002', 'Vadodara Division',        'Vadodara'),
('D025', 'Z003', 'Trivandrum Division',      'Thiruvananthapuram'),
('D026', 'Z003', 'Palakkad Division',        'Palakkad'),
('D027', 'Z003', 'Salem Division',           'Salem'),
('D028', 'Z003', 'Madurai Division',         'Madurai'),
('D029', 'Z003', 'Tiruchirappalli Division', 'Tiruchirappalli'),
('D030', 'Z004', 'Malda Division',           'Malda'),
('D031', 'Z004', 'Sealdah Division',         'Kolkata'),
('D032', 'Z005', 'Bhusaval Division',        'Bhusaval'),
('D033', 'Z005', 'Nagpur Division',          'Nagpur'),
('D034', 'Z005', 'Solapur Division',         'Solapur'),
('D035', 'Z006', 'Vijayawada Division',      'Vijayawada'),
('D036', 'Z006', 'Guntakal Division',        'Guntakal'),
('D037', 'Z006', 'Guntur Division',          'Guntur'),
('D038', 'Z006', 'Nanded Division',          'Nanded'),
('D039', 'Z007', 'Izzatnagar Division',      'Bareilly'),
('D040', 'Z007', 'Varanasi Division',        'Varanasi'),
('D041', 'Z008', 'Mughalsarai Division',     'Pt. Deen Dayal Upadhyay'),
('D042', 'Z008', 'Samastipur Division',      'Samastipur'),
('D043', 'Z008', 'Sonpur Division',          'Sonpur'),
('D044', 'Z009', 'Bikaner Division',         'Bikaner'),
('D045', 'Z009', 'Jodhpur Division',         'Jodhpur'),
('D046', 'Z004', 'Ranchi Division',          'Ranchi'),
('D047', 'Z004', 'Kharagpur Division',       'Kharagpur'),
('D048', 'Z004', 'Sambalpur Division',       'Sambalpur'),
('D049', 'Z006', 'Waltair Division',         'Visakhapatnam'),
('D050', 'Z001', 'Moradabad Division',       'Moradabad');

-- 3. Department table: Represents the 10 functional departments of the railway org.
-- Every staff record references a dept_id, so this must be inserted first.
-- Includes both field departments (Operations, Engineering) and support ones (HR, Finance).
INSERT INTO department (dept_id, dept_name, description, head_officer_title) VALUES
('DEPT01', 'Operations',          'Train operations and dispatching.',              'Chief Operations Officer'),
('DEPT02', 'Engineering',         'Track and signal infrastructure.',               'Chief Engineer'),
('DEPT03', 'Commercial',          'Ticketing and passenger services.',              'Chief Commercial Manager'),
('DEPT04', 'Mechanical',          'Locomotive and rolling stock maintenance.',      'Chief Mechanical Engineer'),
('DEPT05', 'Safety & Security',   'Safety compliance and RPF coordination.',        'Chief Safety Officer'),
('DEPT06', 'Finance',             'Budget, audit and payroll management.',          'Chief Financial Officer'),
('DEPT07', 'IT & Telecom',        'IT systems, networking and communication.',      'Chief Information Officer'),
('DEPT08', 'Medical',             'Railway health services and hospitals.',         'Chief Medical Director'),
('DEPT09', 'HR & Administration', 'Recruitment, training and HR policy.',          'Chief Personnel Officer'),
('DEPT10', 'Catering & Tourism',  'On-board catering and tourism packages.',        'Chief Catering Manager');

-- 4. Station table: 100 real Indian railway stations distributed across all 50 divisions.
-- is_junction is TRUE for major interchange points — this affects routing logic.
-- Sub-comments below group stations by the division they belong to.
INSERT INTO station (station_id, division_id, station_name, state, city, is_junction) VALUES
('ST001', 'D001', 'New Delhi Railway Station', 'Delhi', 'New Delhi', TRUE),
('ST002', 'D001', 'Hazrat Nizamuddin', 'Delhi', 'New Delhi', TRUE),
('ST026', 'D001', 'Ghaziabad Junction', 'Uttar Pradesh', 'Ghaziabad', TRUE),
('ST027', 'D001', 'Anand Vihar Terminal', 'Delhi', 'New Delhi', FALSE),
('ST003', 'D002', 'Agra Cantt', 'Uttar Pradesh', 'Agra', FALSE),
('ST015', 'D002', 'Mathura Junction', 'Uttar Pradesh', 'Mathura', TRUE),
('ST028', 'D002', 'Kanpur Central', 'Uttar Pradesh', 'Kanpur', TRUE),
('ST004', 'D003', 'Mumbai Central', 'Maharashtra', 'Mumbai', TRUE),
('ST005', 'D003', 'Bandra Terminus', 'Maharashtra', 'Mumbai', FALSE),
('ST029', 'D003', 'Surat', 'Gujarat', 'Surat', FALSE),
('ST006', 'D004', 'Ahmedabad Junction', 'Gujarat', 'Ahmedabad', TRUE),
('ST030', 'D004', 'Vadodara Junction', 'Gujarat', 'Vadodara', TRUE),
('ST007', 'D005', 'Chennai Central', 'Tamil Nadu', 'Chennai', TRUE),
('ST008', 'D005', 'Chennai Egmore', 'Tamil Nadu', 'Chennai', TRUE),
('ST031', 'D005', 'Coimbatore Junction', 'Tamil Nadu', 'Coimbatore', TRUE),
('ST009', 'D006', 'Bangalore City Junction', 'Karnataka', 'Bangalore', TRUE),
('ST032', 'D006', 'Hubli-Dharwad', 'Karnataka', 'Dharwad', FALSE),
('ST010', 'D007', 'Howrah Junction', 'West Bengal', 'Kolkata', TRUE),
('ST011', 'D007', 'Sealdah', 'West Bengal', 'Kolkata', TRUE),
('ST033', 'D007', 'Kharagpur Junction', 'West Bengal', 'Kharagpur', TRUE),
('ST012', 'D008', 'Asansol Junction', 'West Bengal', 'Asansol', TRUE),
('ST034', 'D008', 'Durgapur', 'West Bengal', 'Durgapur', FALSE),
('ST013', 'D009', 'Chhatrapati Shivaji Maharaj Terminus', 'Maharashtra', 'Mumbai', TRUE),
('ST035', 'D009', 'Thane', 'Maharashtra', 'Thane', TRUE),
('ST014', 'D010', 'Pune Junction', 'Maharashtra', 'Pune', TRUE),
('ST036', 'D010', 'Nasik Road', 'Maharashtra', 'Nashik', FALSE),
('ST016', 'D011', 'Secunderabad Junction', 'Telangana', 'Hyderabad', TRUE),
('ST037', 'D011', 'Warangal', 'Telangana', 'Warangal', FALSE),
('ST017', 'D012', 'Hyderabad Deccan', 'Telangana', 'Hyderabad', FALSE),
('ST038', 'D012', 'Nanded', 'Maharashtra', 'Nanded', FALSE),
('ST018', 'D013', 'Gorakhpur Junction', 'Uttar Pradesh', 'Gorakhpur', TRUE),
('ST039', 'D013', 'Varanasi Junction', 'Uttar Pradesh', 'Varanasi', TRUE),
('ST019', 'D014', 'Lucknow Charbagh', 'Uttar Pradesh', 'Lucknow', TRUE),
('ST040', 'D014', 'Allahabad Junction', 'Uttar Pradesh', 'Prayagraj', TRUE),
('ST020', 'D015', 'Patna Junction', 'Bihar', 'Patna', TRUE),
('ST021', 'D016', 'Dhanbad Junction', 'Jharkhand', 'Dhanbad', TRUE),
('ST022', 'D017', 'Jaipur Junction', 'Rajasthan', 'Jaipur', TRUE),
('ST023', 'D018', 'Ajmer Junction', 'Rajasthan', 'Ajmer', TRUE),
('ST024', 'D019', 'Hubli Junction', 'Karnataka', 'Hubli', TRUE),
('ST025', 'D020', 'Mysore Junction', 'Karnataka', 'Mysore', TRUE),
('ST041', 'D021', 'Ratlam Junction', 'Madhya Pradesh', 'Ratlam', TRUE),
('ST042', 'D021', 'Neemuch Railway Station', 'Madhya Pradesh', 'Neemuch', FALSE),
('ST043', 'D022', 'Rajkot Junction', 'Gujarat', 'Rajkot', TRUE),
('ST044', 'D022', 'Jamnagar Railway Station', 'Gujarat', 'Jamnagar', FALSE),
('ST045', 'D023', 'Bhavnagar Terminus', 'Gujarat', 'Bhavnagar', FALSE),
('ST046', 'D023', 'Veraval Junction', 'Gujarat', 'Veraval', TRUE),
('ST047', 'D024', 'Anand Junction', 'Gujarat', 'Anand', TRUE),
('ST048', 'D024', 'Bharuch Junction', 'Gujarat', 'Bharuch', TRUE),
('ST049', 'D025', 'Thiruvananthapuram Central', 'Kerala', 'Trivandrum', TRUE),
('ST050', 'D025', 'Kollam Junction', 'Kerala', 'Kollam', TRUE),
('ST051', 'D026', 'Palakkad Junction', 'Kerala', 'Palakkad', TRUE),
('ST052', 'D026', 'Shoranur Junction', 'Kerala', 'Shoranur', TRUE),
('ST053', 'D027', 'Salem Junction', 'Tamil Nadu', 'Salem', TRUE),
('ST054', 'D027', 'Erode Junction', 'Tamil Nadu', 'Erode', TRUE),
('ST055', 'D028', 'Madurai Junction', 'Tamil Nadu', 'Madurai', TRUE),
('ST056', 'D028', 'Dindigul Junction', 'Tamil Nadu', 'Dindigul', TRUE),
('ST057', 'D029', 'Tiruchirappalli Junction', 'Tamil Nadu', 'Trichy', TRUE),
('ST058', 'D029', 'Thanjavur Junction', 'Tamil Nadu', 'Thanjavur', TRUE),
('ST059', 'D030', 'Malda Town', 'West Bengal', 'Malda', FALSE),
('ST060', 'D030', 'New Farakka Junction', 'West Bengal', 'Farakka', TRUE),
('ST061', 'D031', 'Kolkata Terminus (Chitpur)', 'West Bengal', 'Kolkata', FALSE),
('ST062', 'D031', 'Dum Dum Junction', 'West Bengal', 'Kolkata', TRUE),
('ST063', 'D032', 'Bhusaval Junction', 'Maharashtra', 'Bhusaval', TRUE),
('ST064', 'D032', 'Khandwa Junction', 'Madhya Pradesh', 'Khandwa', TRUE),
('ST065', 'D033', 'Nagpur Junction', 'Maharashtra', 'Nagpur', TRUE),
('ST066', 'D033', 'Wardha Junction', 'Maharashtra', 'Wardha', TRUE),
('ST067', 'D034', 'Solapur Junction', 'Maharashtra', 'Solapur', TRUE),
('ST068', 'D034', 'Kalaburagi Junction', 'Karnataka', 'Gulbarga', TRUE),
('ST069', 'D035', 'Vijayawada Junction', 'Andhra Pradesh', 'Vijayawada', TRUE),
('ST070', 'D035', 'Nellore Railway Station', 'Andhra Pradesh', 'Nellore', FALSE),
('ST071', 'D036', 'Guntakal Junction', 'Andhra Pradesh', 'Guntakal', TRUE),
('ST072', 'D036', 'Anantapur Railway Station', 'Andhra Pradesh', 'Anantapur', FALSE),
('ST073', 'D037', 'Guntur Junction', 'Andhra Pradesh', 'Guntur', TRUE),
('ST074', 'D037', 'Tenali Junction', 'Andhra Pradesh', 'Tenali', TRUE),
('ST075', 'D038', 'Aurangabad Railway Station', 'Maharashtra', 'Aurangabad', FALSE),
('ST076', 'D038', 'Parbhani Junction', 'Maharashtra', 'Parbhani', TRUE),
('ST077', 'D039', 'Bareilly City', 'Uttar Pradesh', 'Bareilly', FALSE),
('ST078', 'D039', 'Kathgodam Railway Station', 'Uttarakhand', 'Kathgodam', FALSE),
('ST079', 'D040', 'Banaras (Manduadih)', 'Uttar Pradesh', 'Varanasi', FALSE),
('ST080', 'D040', 'Mau Junction', 'Uttar Pradesh', 'Mau', TRUE),
('ST081', 'D041', 'Pt. Deen Dayal Upadhyay Jn', 'Uttar Pradesh', 'Mughalsarai', TRUE),
('ST082', 'D041', 'Gaya Junction', 'Bihar', 'Gaya', TRUE),
('ST083', 'D042', 'Samastipur Junction', 'Bihar', 'Samastipur', TRUE),
('ST084', 'D042', 'Darbhanga Junction', 'Bihar', 'Darbhanga', TRUE),
('ST085', 'D043', 'Sonpur Junction', 'Bihar', 'Sonpur', TRUE),
('ST086', 'D043', 'Muzaffarpur Junction', 'Bihar', 'Muzaffarpur', TRUE),
('ST087', 'D044', 'Bikaner Junction', 'Rajasthan', 'Bikaner', TRUE),
('ST088', 'D044', 'Shri Ganganagar Junction', 'Rajasthan', 'Ganganagar', TRUE),
('ST089', 'D045', 'Jodhpur Junction', 'Rajasthan', 'Jodhpur', TRUE),
('ST090', 'D045', 'Pali Marwar', 'Rajasthan', 'Pali', FALSE),
('ST091', 'D046', 'Ranchi Junction', 'Jharkhand', 'Ranchi', TRUE),
('ST092', 'D046', 'Hatia Railway Station', 'Jharkhand', 'Ranchi', FALSE),
('ST093', 'D047', 'Midnapore Railway Station', 'West Bengal', 'Midnapore', FALSE),
('ST094', 'D047', 'Haldia Railway Station', 'West Bengal', 'Haldia', FALSE),
('ST095', 'D048', 'Sambalpur Junction', 'Odisha', 'Sambalpur', TRUE),
('ST096', 'D048', 'Jharsuguda Junction', 'Odisha', 'Jharsuguda', TRUE),
('ST097', 'D049', 'Visakhapatnam Junction', 'Andhra Pradesh', 'Visakhapatnam', TRUE),
('ST098', 'D049', 'Vizianagaram Junction', 'Andhra Pradesh', 'Vizianagaram', TRUE),
('ST099', 'D050', 'Moradabad Junction', 'Uttar Pradesh', 'Moradabad', TRUE),
('ST100', 'D050', 'Bareilly Junction', 'Uttar Pradesh', 'Bareilly', TRUE);

-- 5. Route table: 35 named routes covering major corridors across India.
-- Route names match real-world train names for realism. total_distance
-- is used downstream for fare calculation and running time estimation.
INSERT INTO route (route_id, route_name, total_distance) VALUES
('RT001', 'New Delhi – Mumbai Central Rajdhani', 1384.48),
('RT002', 'New Delhi – Agra Cantt Shatabdi', 200.00),
('RT003', 'Mumbai Central – Ahmedabad Duronto', 491.49),
('RT004', 'Chennai Central – Bangalore City Superfast', 362.50),
('RT005', 'Howrah – Asansol Express', 213.00),
('RT006', 'New Delhi – Lucknow Shatabdi', 497.00),
('RT007', 'New Delhi – Patna Rajdhani', 1001.00),
('RT008', 'Mumbai Central – Pune Express', 192.00),
('RT009', 'Chennai Central – Coimbatore Intercity', 496.00),
('RT010', 'Secunderabad – Howrah Falaknuma', 1651.00),
('RT011', 'New Delhi – Jaipur Intercity', 308.00),
('RT012', 'Howrah – Varanasi Express', 679.00),
('RT013', 'Ahmedabad – Mumbai Shatabdi', 491.49),
('RT014', 'Bangalore – Mysore Intercity', 139.00),
('RT015', 'New Delhi – Kanpur Superfast', 440.00),
('RT016', 'Trivandrum – Chennai Coastal Express', 820.00),
('RT017', 'Ratlam – Rajkot Saurashtra Mail', 580.00),
('RT018', 'Bikaner – Jodhpur Desert Circuit', 270.00),
('RT019', 'Vijayawada – Visakhapatnam Janmabhoomi', 350.00),
('RT020', 'Bhusaval – Nagpur Vidarbha Express', 390.00),
('RT021', 'Malda Town – Sealdah Teesta-Torsa', 340.00),
('RT022', 'Ranchi – Howrah Shatabdi', 410.00),
('RT023', 'Gorakhpur – Varanasi City Express', 230.00),
('RT024', 'Sambalpur – Visakhapatnam Intercity', 460.00),
('RT025', 'Moradabad – Bareilly Local Loop', 90.00),
('RT026', 'Solapur – Aurangabad Express', 420.00),
('RT027', 'Vijayawada – Guntakal Passenger', 450.00),
('RT028', 'Patna – Darbhanga Intercity', 210.00),
('RT029', 'Bareilly – Kathgodam Hill Express', 110.00),
('RT030', 'Ranchi – Haldia Port Express', 380.00),
('RT031', 'Sealdah – Lalgola Passenger', 230.00),
('RT032', 'Rajkot – Veraval Express', 185.00),
('RT033', 'Dhanbad – Ranchi Intercity', 160.00),
('RT034', 'Sambalpur – Jharsuguda Shuttle', 50.00),
('RT035', 'Howrah – Haldia Local', 135.00);

-- 6. Route_Station table: Maps stations onto routes with arrival/departure times,
-- halt durations, and cumulative distance from the source.
-- First station has NULL arrival; last station has NULL departure — this is intentional.
INSERT INTO route_station (route_id, station_id, visiting_order, arrival_time, departure_time, halt_time, distance_from_source) VALUES
('RT001', 'ST001', 1, NULL, '16:30:00', '00:00:00', 0.00),
('RT001', 'ST015', 2, '18:15:00', '18:17:00', '00:02:00', 141.00),
('RT001', 'ST041', 3, '22:45:00', '22:50:00', '00:05:00', 732.00),
('RT001', 'ST030', 4, '03:10:00', '03:20:00', '00:10:00', 992.00),
('RT001', 'ST029', 5, '04:45:00', '04:50:00', '00:05:00', 1122.00),
('RT001', 'ST004', 6, '08:15:00', NULL, '00:00:00', 1384.48),
('RT002', 'ST001', 1, NULL, '06:00:00', '00:00:00', 0.00),
('RT002', 'ST026', 2, '06:45:00', '06:47:00', '00:02:00', 25.00),
('RT002', 'ST015', 3, '07:50:00', '07:52:00', '00:02:00', 141.00),
('RT002', 'ST003', 4, '08:30:00', NULL, '00:00:00', 200.00),
('RT003', 'ST004', 1, NULL, '23:10:00', '00:00:00', 0.00),
('RT003', 'ST029', 2, '02:40:00', '02:45:00', '00:05:00', 263.00),
('RT003', 'ST030', 3, '04:00:00', '04:05:00', '00:05:00', 392.00),
('RT003', 'ST006', 4, '05:50:00', NULL, '00:00:00', 491.49),
('RT004', 'ST007', 1, NULL, '07:30:00', '00:00:00', 0.00),
('RT004', 'ST053', 2, '11:15:00', '11:20:00', '00:05:00', 330.00),
('RT004', 'ST009', 3, '13:00:00', NULL, '00:00:00', 362.50),
('RT005', 'ST010', 1, NULL, '17:20:00', '00:00:00', 0.00),
('RT005', 'ST034', 2, '19:45:00', '19:47:00', '00:02:00', 158.00),
('RT005', 'ST012', 3, '20:30:00', NULL, '00:00:00', 213.00),
('RT006', 'ST001', 1, NULL, '06:10:00', '00:00:00', 0.00),
('RT006', 'ST026', 2, '06:50:00', '06:52:00', '00:02:00', 25.00),
('RT006', 'ST028', 3, '11:20:00', '11:25:00', '00:05:00', 440.00),
('RT006', 'ST019', 4, '12:40:00', NULL, '00:00:00', 497.00),
('RT007', 'ST001', 1, NULL, '17:10:00', '00:00:00', 0.00),
('RT007', 'ST028', 2, '21:50:00', '21:55:00', '00:05:00', 440.00),
('RT007', 'ST040', 3, '23:55:00', '00:00:00', '00:05:00', 635.00),
('RT007', 'ST081', 4, '02:10:00', '02:20:00', '00:10:00', 788.00),
('RT007', 'ST020', 5, '04:40:00', NULL, '00:00:00', 1001.00),
('RT008', 'ST013', 1, NULL, '06:40:00', '00:00:00', 0.00),
('RT008', 'ST035', 2, '07:15:00', '07:17:00', '00:02:00', 33.00),
('RT008', 'ST014', 3, '09:20:00', NULL, '00:00:00', 192.00),
('RT009', 'ST008', 1, NULL, '14:30:00', '00:00:00', 0.00),
('RT009', 'ST053', 2, '19:15:00', '19:20:00', '00:05:00', 334.00),
('RT009', 'ST054', 3, '20:15:00', '20:20:00', '00:05:00', 394.00),
('RT009', 'ST031', 4, '21:50:00', NULL, '00:00:00', 496.00),
('RT010', 'ST016', 1, NULL, '15:55:00', '00:00:00', 0.00),
('RT010', 'ST069', 2, '21:00:00', '21:15:00', '00:15:00', 350.00),
('RT010', 'ST097', 3, '03:40:00', '04:00:00', '00:20:00', 700.00),
('RT010', 'ST098', 4, '05:00:00', '05:02:00', '00:02:00', 761.00),
('RT010', 'ST010', 5, '17:45:00', NULL, '00:00:00', 1651.00),
('RT011', 'ST001', 1, NULL, '14:30:00', '00:00:00', 0.00),
('RT011', 'ST022', 2, '19:30:00', NULL, '00:00:00', 308.00),
('RT012', 'ST010', 1, NULL, '20:00:00', '00:00:00', 0.00),
('RT012', 'ST082', 2, '00:15:00', '00:20:00', '00:05:00', 450.00),
('RT012', 'ST081', 3, '03:45:00', '03:55:00', '00:10:00', 660.00),
('RT012', 'ST039', 4, '04:30:00', NULL, '00:00:00', 679.00),
('RT013', 'ST006', 1, NULL, '14:40:00', '00:00:00', 0.00),
('RT013', 'ST047', 2, '15:35:00', '15:37:00', '00:02:00', 65.00),
('RT013', 'ST048', 3, '16:15:00', '16:17:00', '00:02:00', 130.00),
('RT013', 'ST030', 4, '16:50:00', '16:55:00', '00:05:00', 100.00),
('RT013', 'ST029', 5, '18:20:00', '18:25:00', '00:05:00', 230.00),
('RT013', 'ST004', 6, '21:30:00', NULL, '00:00:00', 491.49),
('RT014', 'ST009', 1, NULL, '09:15:00', '00:00:00', 0.00),
('RT014', 'ST025', 2, '11:45:00', NULL, '00:00:00', 139.00),
('RT015', 'ST001', 1, NULL, '13:50:00', '00:00:00', 0.00),
('RT015', 'ST028', 2, '18:45:00', NULL, '00:00:00', 440.00),
('RT016', 'ST049', 1, NULL, '16:00:00', '00:00:00', 0.00),
('RT016', 'ST050', 2, '17:15:00', '17:20:00', '00:05:00', 65.00),
('RT016', 'ST051', 3, '21:30:00', '21:35:00', '00:05:00', 350.00),
('RT016', 'ST052', 4, '22:10:00', '22:20:00', '00:10:00', 395.00),
('RT016', 'ST055', 5, '02:00:00', '02:05:00', '00:05:00', 580.00),
('RT016', 'ST056', 6, '03:10:00', '03:12:00', '00:02:00', 642.00),
('RT016', 'ST057', 7, '05:00:00', '05:10:00', '00:10:00', 736.00),
('RT016', 'ST058', 8, '06:15:00', '06:17:00', '00:02:00', 786.00),
('RT016', 'ST007', 9, '08:45:00', NULL, '00:00:00', 820.00),
('RT017', 'ST041', 1, NULL, '08:00:00', '00:00:00', 0.00),
('RT017', 'ST042', 2, '10:30:00', '10:35:00', '00:05:00', 135.00),
('RT017', 'ST006', 3, '14:00:00', '14:15:00', '00:15:00', 350.00),
('RT017', 'ST047', 4, '15:20:00', '15:22:00', '00:02:00', 415.00),
('RT017', 'ST043', 5, '18:30:00', '18:40:00', '00:10:00', 540.00),
('RT017', 'ST044', 6, '20:00:00', NULL, '00:00:00', 580.00),
('RT018', 'ST087', 1, NULL, '05:45:00', '00:00:00', 0.00),
('RT018', 'ST088', 2, '08:15:00', '08:20:00', '00:05:00', 110.00),
('RT018', 'ST089', 3, '11:00:00', '11:15:00', '00:15:00', 240.00),
('RT018', 'ST090', 4, '12:30:00', NULL, '00:00:00', 270.00),
('RT019', 'ST069', 1, NULL, '06:15:00', '00:00:00', 0.00),
('RT019', 'ST070', 2, '09:00:00', '09:02:00', '00:02:00', 200.00),
('RT019', 'ST097', 3, '13:00:00', NULL, '00:00:00', 350.00),
('RT020', 'ST063', 1, NULL, '06:00:00', '00:00:00', 0.00),
('RT020', 'ST064', 2, '08:30:00', '08:35:00', '00:05:00', 124.00),
('RT020', 'ST065', 3, '12:00:00', '12:15:00', '00:15:00', 312.00),
('RT020', 'ST066', 4, '13:30:00', NULL, '00:00:00', 390.00),
('RT021', 'ST059', 1, NULL, '07:30:00', '00:00:00', 0.00),
('RT021', 'ST060', 2, '08:20:00', '08:25:00', '00:05:00', 40.00),
('RT021', 'ST011', 3, '13:45:00', NULL, '00:00:00', 340.00),
('RT022', 'ST091', 1, NULL, '05:45:00', '00:00:00', 0.00),
('RT022', 'ST092', 2, '06:05:00', '06:07:00', '00:02:00', 10.00),
('RT022', 'ST033', 3, '10:30:00', '10:35:00', '00:05:00', 290.00),
('RT022', 'ST010', 4, '12:15:00', NULL, '00:00:00', 410.00),
('RT023', 'ST018', 1, NULL, '05:00:00', '00:00:00', 0.00),
('RT023', 'ST080', 2, '07:30:00', '07:35:00', '00:05:00', 120.00),
('RT023', 'ST079', 3, '09:00:00', '09:10:00', '00:10:00', 190.00),
('RT023', 'ST039', 4, '10:00:00', NULL, '00:00:00', 230.00),
('RT024', 'ST095', 1, NULL, '06:00:00', '00:00:00', 0.00),
('RT024', 'ST096', 2, '07:15:00', '07:20:00', '00:05:00', 49.00),
('RT024', 'ST098', 3, '12:30:00', '12:35:00', '00:05:00', 400.00),
('RT024', 'ST097', 4, '14:00:00', NULL, '00:00:00', 460.00),
('RT025', 'ST099', 1, NULL, '08:00:00', '00:00:00', 0.00),
('RT025', 'ST077', 2, '09:30:00', '09:35:00', '00:05:00', 60.00),
('RT025', 'ST100', 3, '10:15:00', NULL, '00:00:00', 90.00),
('RT026', 'ST067', 1, NULL, '06:00:00', '00:00:00', 0.00),
('RT026', 'ST068', 2, '07:45:00', '07:50:00', '00:05:00', 110.00),
('RT026', 'ST076', 3, '11:30:00', '11:35:00', '00:05:00', 320.00),
('RT026', 'ST075', 4, '13:00:00', NULL, '00:00:00', 420.00),
('RT027', 'ST069', 1, NULL, '05:30:00', '00:00:00', 0.00),
('RT027', 'ST074', 2, '06:15:00', '06:17:00', '00:02:00', 32.00),
('RT027', 'ST073', 3, '07:00:00', '07:05:00', '00:05:00', 60.00),
('RT027', 'ST070', 4, '10:30:00', '10:32:00', '00:02:00', 280.00),
('RT027', 'ST072', 5, '13:00:00', '13:02:00', '00:02:00', 410.00),
('RT027', 'ST071', 6, '14:30:00', NULL, '00:00:00', 450.00),
('RT028', 'ST020', 1, NULL, '08:00:00', '00:00:00', 0.00),
('RT028', 'ST085', 2, '08:45:00', '08:50:00', '00:05:00', 15.00),
('RT028', 'ST086', 3, '09:40:00', '09:45:00', '00:05:00', 70.00),
('RT028', 'ST083', 4, '11:00:00', '11:05:00', '00:05:00', 120.00),
('RT028', 'ST084', 5, '12:30:00', NULL, '00:00:00', 210.00),
('RT029', 'ST100', 1, NULL, '10:00:00', '00:00:00', 0.00),
('RT029', 'ST077', 2, '10:15:00', '10:20:00', '00:05:00', 5.00),
('RT029', 'ST078', 3, '13:00:00', NULL, '00:00:00', 110.00),
('RT030', 'ST091', 1, NULL, '06:00:00', '00:00:00', 0.00),
('RT030', 'ST092', 2, '06:20:00', '06:25:00', '00:05:00', 7.00),
('RT030', 'ST093', 3, '10:30:00', '10:35:00', '00:05:00', 250.00),
('RT030', 'ST094', 4, '13:00:00', NULL, '00:00:00', 380.00),
('RT031', 'ST061', 1, NULL, '07:00:00', '00:00:00', 0.00),
('RT031', 'ST062', 2, '07:20:00', '07:22:00', '00:02:00', 15.00),
('RT031', 'ST011', 3, '08:00:00', NULL, '00:00:00', 45.00),
('RT032', 'ST043', 1, NULL, '10:00:00', '00:00:00', 0.00),
('RT032', 'ST045', 2, '12:30:00', '12:35:00', '00:05:00', 110.00),
('RT032', 'ST046', 3, '14:15:00', NULL, '00:00:00', 185.00),
('RT033', 'ST021', 1, NULL, '13:00:00', '00:00:00', 0.00),
('RT033', 'ST091', 2, '15:30:00', '15:40:00', '00:10:00', 150.00),
('RT033', 'ST092', 3, '16:00:00', NULL, '00:00:00', 160.00),
('RT034', 'ST095', 1, NULL, '09:00:00', '00:00:00', 0.00),
('RT034', 'ST096', 2, '09:45:00', NULL, '00:00:00', 50.00),
('RT035', 'ST010', 1, NULL, '06:00:00', '00:00:00', 0.00),
('RT035', 'ST093', 2, '08:30:00', '08:35:00', '00:05:00', 105.00),
('RT035', 'ST094', 3, '10:00:00', NULL, '00:00:00', 135.00);

-- 7. Registered_User table: 200 passenger accounts for testing the booking module.
-- Data includes realistic Indian names, city-wise addresses, and hashed passwords
-- (bcrypt format). U006–U012 are Gujarat-based users added as part of local test cases.
INSERT INTO registered_user (user_id, name, email, password, dob, address, phone) VALUES
('U001', 'Ramesh Kumar', 'ramesh.kumar@gmail.com', '$2b$12$KiX7rQw3HJpL9mNvBzYeOu', '1995-03-15', 'Star Fishery, Mumbai', '9811234501'),
('U002', 'Sanjay Gupta', 'sanjay.gupta@gmail.com', '$2b$12$LmN8sRx4IJqM0nOwCaZfPv', '1996-07-22', 'Versova, Mumbai', '9822345602'),
('U003', 'Amit Sharma', 'amit.sharma@gmail.com', '$2b$12$MnO9tSy5JKrN1oPxDbAgQw', '1997-11-08', 'Gokuldham, Mumbai', '9833456703'),
('U004', 'Rajesh Singh', 'rajesh.singh@gmail.com', '$2b$12$NoP0uTz6KLsO2pQyEcBhRx', '1998-05-30', 'Bandra East, Mumbai', '9844567804'),
('U005', 'Vikram Patel', 'vikram.patel@gmail.com', '$2b$12$OpQ1vUa7LMtP3qRzFdCiSy', '1999-09-17', 'Dharavi, Mumbai', '9855678905'),
('U006', 'Ronak Vataliya', 'ronak.vataliya@gmail.com', '$2b$12$PqR2wVb8MNuQ4rSaGeDjTz', '2000-02-14', 'Rajkot, Gujarat', '9866789006'),
('U007', 'Dhaval Tolani', 'dhaval.tolani@gmail.com', '$2b$12$QrS3xWc9NOvR5sTbHfEkUa', '2001-06-28', 'Gandhinagar, Gujarat', '9877890107'),
('U008', 'Taksh Chauhan', 'taksh.chauhan@gmail.com', '$2b$12$RsT4yXd0OPwS6tUcIgFlVb', '2002-10-05', 'Ahmedabad, Gujarat', '9888901208'),
('U009', 'Rushil Sureja', 'rushil.sureja@gmail.com', '$2b$12$StU5zYe1PQxT7uVdJhGmWc', '2003-04-19', 'Surat, Gujarat', '9899012309'),
('U010', 'Darpan Sherahiya', 'darpan.sherahiya@gmail.com', '$2b$12$TuV6aZf2QRyU8vWeKiHnXd', '2004-08-11', 'Junagadh, Gujarat', '9810123410'),
('U011', 'Tirth Solanki', 'tirth.solanki@gmail.com', '$2b$12$UvW7baG3RSzV9wXfLjIoYe', '2005-12-03', 'Bhavnagar, Gujarat', '9821234511'),
('U012', 'Preet Hirapara', 'preet.hirapara@gmail.com', '$2b$12$VwX8cbH4STaW0xYgMkJpZf', '2006-03-27', 'Amreli, Gujarat', '9832345612'),
('U013', 'Shaurya Shekhawat', 'shaurya.shekhawat@gmail.com', '$2b$12$XyZ0edJ6UVcY2zAiOmLrBh', '1995-07-16', 'Jaipur, Rajasthan', '9843456713'),
('U014', 'Nand Chattrala', 'nand.chattrala@gmail.com', '$2b$12$YzA1feK7VWdZ3aBjPnMsCi', '1996-01-09', 'Jamnagar, Gujarat', '9854567814'),
('U015', 'Arvind Desai', 'arvind.desai@gmail.com', '$2b$12$ZaB2gfL8WXeA4bCkQoNtDj', '1997-11-22', 'Lajpat Nagar, New Delhi', '9865678915'),
('U016', 'Sunil Joshi', 'sunil.joshi@gmail.com', '$2b$12$AbC3hgM9XYfB5cDlRpOuEk', '1998-05-08', 'Dadarpeth, Mumbai', '9876789016'),
('U017', 'Manish Verma', 'manish.verma@gmail.com', '$2b$12$BcD4ihN0YZgC6dEmSqPvFl', '1999-09-30', 'Panjim, Goa', '9887890117'),
('U018', 'Madhav Singh', 'madhav.singh@gmail.com', '$2b$12$CdE5jiO1ZAhD7eFnTrQwGm', '2000-03-18', 'Panjim, Goa', '9898901218'),
('U019', 'Laxman Prasad', 'laxman.prasad@gmail.com', '$2b$12$DeF6kjP2ABiE8fGoUsRxHn', '2001-06-12', 'Panjim, Goa', '9809012319'),
('U020', 'Gopal Kumar', 'gopal.kumar@gmail.com', '$2b$12$EfG7lkQ3BCjF9gHpVtSyIo', '2002-10-25', 'Panjim, Goa', '9820123420'),
('U021', 'Anil Mehta', 'anil.mehta@gmail.com', '$2b$12$FgH8mlR4CDkG0hIqWuTzJp', '2003-02-07', 'Andheri, Mumbai', '9831234521'),
('U022', 'Deepak Reddy', 'deepak.reddy@gmail.com', '$2b$12$GhI9nmS5DEiH1iJrXvUaKq', '2004-06-14', 'Dubai Mall, Dubai', '9842345622'),
('U023', 'Uday Shetty', 'uday.shetty@gmail.com', '$2b$12$HiJ0onT6EFjI2jKsYwVbLr', '2005-08-23', 'Juhu Beach, Mumbai', '9853456723'),
('U024', 'Prakash Nair', 'prakash.nair@gmail.com', '$2b$12$IjK1poU7FGkJ3kLtZxWcMs', '2006-12-01', 'Civil Lines, Kanpur', '9864567824'),
('U025', 'Suresh Iyer', 'suresh.iyer@gmail.com', '$2b$12$JkL2qpV8GHlK4lMuAyXdNt', '1995-04-16', 'Model Town, New Delhi', '9875678925'),
('U026', 'Naveen Rathi', 'naveen.rathi@gmail.com', '$2b$12$KlM3rqW9HIlM5mNvBzYeOu', '1996-09-09', 'Sion Hospital, Mumbai', '9886789026'),
('U027', 'Tushar Kapoor', 'tushar.kapoor@gmail.com', '$2b$12$LmN4srX0IJmN6nOwCaZfPv', '1997-01-28', 'Vyttila, Kochi', '9897890127'),
('U028', 'Karan Ahuja', 'karan.ahuja@gmail.com', '$2b$12$MnO5tsY1JKnO7oPxDbAgQw', '1998-05-21', 'Banjara Hills, Hyderabad', '9808901228'),
('U029', 'Rohit Tiwari', 'rohit.tiwari@gmail.com', '$2b$12$NoP6utZ2KLoP8pQyEcBhRx', '1999-07-04', 'Thiruvananthapuram, Kerala', '9819012329'),
('U030', 'Raju Kher', 'raju.kher@gmail.com', '$2b$12$OpQ7vuA3LMpQ9qRzFdCiSy', '2000-11-17', 'Shalimar Bagh, New Delhi', '9830123430'),
('U031', 'Shyam Kumar', 'shyam.kumar@gmail.com', '$2b$12$PqR8wvB4MNqR0rSaGeDjTz', '2001-03-08', 'Ballygunge, Kolkata', '9841234531'),
('U032', 'Ajay Bhatia', 'ajay.bhatia@gmail.com', '$2b$12$QrS9xwC5NOsS1sTbHfEkUa', '2002-08-13', 'Gomti Nagar, Lucknow', '9852345632'),
('U033', 'Pradeep Chaturvedi', 'pradeep.chaturvedi@gmail.com', '$2b$12$RsT0yxD6OPtT2tUcIgFlVb', '2003-12-26', 'Sadashiv Peth, Pune', '9863456733'),
('U034', 'Rahul Chanchad', 'rahul.chanchad@gmail.com', '$2b$12$StU1zyE7PQuU3uVdJhGmWc', '2004-04-03', 'Ladakh, India', '9874567834'),
('U035', 'Farhan Qureshi', 'farhan.qureshi@gmail.com', '$2b$12$TuV2azF8QRvV4vWeKiHnXd', '2005-10-19', 'Vastrapur, Ahmedabad', '9885678935'),
('U036', 'Raju Rastogi', 'raju.rastogi@gmail.com', '$2b$12$UvW3baG9RSvW5wXfLjIoYe', '2006-02-11', 'Ashok Nagar, Patna', '9896789036'),
('U037', 'Viru Sahastrabuddhe', 'viru.sahastrabuddhe@gmail.com', '$2b$12$VwX4cbH0STwX6xYgMkJpZf', '1995-06-30', 'Mylapore, Chennai', '9807890137'),
('U038', 'Siddharth Rao', 'siddharth.rao@gmail.com', '$2b$12$WxY5dcI1TUxY7yZhNlKqAg', '1996-09-07', 'Rajajipuram, Lucknow', '9818901238'),
('U039', 'Lallan Singh', 'lallan.singh@gmail.com', '$2b$12$XyZ6edJ2UVyZ8zAiOmLrBh', '1997-01-24', 'Tilak Nagar, New Delhi', '9829012339'),
('U040', 'Neeraj Saxena', 'neeraj.saxena@gmail.com', '$2b$12$YzA7feK3VWzA9aBjPnMsCi', '1998-05-15', 'Koramangala, Bangalore', '9840123440'),
('U041', 'Satish Menon', 'satish.menon@gmail.com', '$2b$12$ZaB8gfL4WXaB0bCkQoNtDj', '1999-07-28', 'Behrampada, Mumbai', '9851234541'),
('U042', 'Chetan Das', 'chetan.das@gmail.com', '$2b$12$AbC9hgM5XYbC1cDlRpOuEk', '2000-11-02', 'Dwarka Sector 7, New Delhi', '9862345642'),
('U043', 'Manoj Agarwal', 'manoj.agarwal@gmail.com', '$2b$12$BcD0ihN6YZcD2dEmSqPvFl', '2001-03-21', 'Paldi, Ahmedabad', '9873456743'),
('U044', 'Kavita Kaur', 'kavita.kaur@gmail.com', '$2b$12$CdE1jiO7ZAdE3eFnTrQwGm', '2002-08-14', 'Sector 17, Chandigarh', '9884567844'),
('U045', 'Charanjit Singh', 'charanjit.singh@gmail.com', '$2b$12$DeF2kjP8ABfE4fGoUsRxHn', '2003-12-05', 'Nehru Place, New Delhi', '9895678945'),
('U046', 'Hemant Gulati', 'hemant.gulati@gmail.com', '$2b$12$EfG3lkQ9BCgF5gHpVtSyIo', '2004-04-17', 'Rajendra Nagar, Patna', '9806789046'),
('U047', 'Zafar Khan', 'zafar.khan@gmail.com', '$2b$12$FgH4mlR0CDhG6hIqWuTzJp', '2005-10-08', 'Behala, Kolkata', '9817890147'),
('U048', 'Lalit Jain', 'lalit.jain@gmail.com', '$2b$12$GhI5nmS1DEiH7iJrXvUaKq', '2006-02-20', 'Annapurna Nagar, Indore', '9828901248'),
('U049', 'Ramakant Mishra', 'ramakant.mishra@gmail.com', '$2b$12$HiJ6onT2EFjI8jKsYwVbLr', '1995-06-13', 'Raja Garden, New Delhi', '9839012349'),
('U050', 'Tarun Saraf', 'tarun.saraf@gmail.com', '$2b$12$KiX7rQw3HJpL9mNvBzYeOu', '1996-09-29', 'Sector 62, Noida', '9850123450'),
('U051', 'Priya Sharma', 'priya.sharma@gmail.com', '$2b$12$AbC3hgM9XYfB5cDlRpOuEk', '1997-04-12', 'Indiranagar, Bangalore', '9851123451'),
('U052', 'Rahul Verma', 'rahul.verma@gmail.com', '$2b$12$BcD4ihN0YZgC6dEmSqPvFl', '1998-08-25', 'Salt Lake, Kolkata', '9852234562'),
('U053', 'Sneha Gupta', 'sneha.gupta@gmail.com', '$2b$12$CdE5jiO1ZAhD7eFnTrQwGm', '1999-12-05', 'Vasant Kunj, New Delhi', '9853345673'),
('U054', 'Vikram Singh', 'vikram.singh@gmail.com', '$2b$12$DeF6kjP2ABiE8fGoUsRxHn', '2000-01-18', 'Banjara Hills, Hyderabad', '9854456784'),
('U055', 'Pooja Patel', 'pooja.patel@gmail.com', '$2b$12$EfG7lkQ3BCjF9gHpVtSyIo', '2001-05-30', 'Navrangpura, Ahmedabad', '9855567895'),
('U056', 'Aman Desai', 'aman.desai@gmail.com', '$2b$12$FgH8mlR4CDkG0hIqWuTzJp', '2002-09-14', 'Alkapuri, Vadodara', '9856678906'),
('U057', 'Riya Kapoor', 'riya.kapoor@gmail.com', '$2b$12$GhI9nmS5DEiH1iJrXvUaKq', '2003-11-22', 'Juhu, Mumbai', '9857789017'),
('U058', 'Karan Malhotra', 'karan.malhotra@gmail.com', '$2b$12$HiJ0onT6EFjI2jKsYwVbLr', '2004-03-08', 'Defence Colony, New Delhi', '9858890128'),
('U059', 'Neha Joshi', 'neha.joshi@gmail.com', '$2b$12$IjK1poU7FGkJ3kLtZxWcMs', '2005-07-19', 'Kothrud, Pune', '9859901239'),
('U060', 'Rohan Das', 'rohan.das@gmail.com', '$2b$12$JkL2qpV8GHlK4lMuAyXdNt', '2006-10-31', 'Gariahat, Kolkata', '9860012340'),
('U061', 'Anjali Mehta', 'anjali.mehta@gmail.com', '$2b$12$KlM3rqW9HIlM5mNvBzYeOu', '1995-02-14', 'Malabar Hill, Mumbai', '9861123451'),
('U062', 'Aditya Reddy', 'aditya.reddy@gmail.com', '$2b$12$LmN4srX0IJmN6nOwCaZfPv', '1996-06-27', 'Jubilee Hills, Hyderabad', '9862234562'),
('U063', 'Shruti Iyer', 'shruti.iyer@gmail.com', '$2b$12$MnO5tsY1JKnO7oPxDbAgQw', '1997-10-09', 'Adyar, Chennai', '9863345673'),
('U064', 'Vivek Rathi', 'vivek.rathi@gmail.com', '$2b$12$NoP6utZ2KLoP8pQyEcBhRx', '1998-01-21', 'Civil Lines, Jaipur', '9864456784'),
('U065', 'Kavya Ahuja', 'kavya.ahuja@gmail.com', '$2b$12$OpQ7vuA3LMpQ9qRzFdCiSy', '1999-05-04', 'Sector 15, Chandigarh', '9865567895'),
('U066', 'Sahil Tiwari', 'sahil.tiwari@gmail.com', '$2b$12$PqR8wvB4MNqR0rSaGeDjTz', '2000-08-16', 'Gomti Nagar, Lucknow', '9866678906'),
('U067', 'Megha Kher', 'megha.kher@gmail.com', '$2b$12$QrS9xwC5NOsS1sTbHfEkUa', '2001-12-28', 'Saket, New Delhi', '9867789017'),
('U068', 'Arjun Bhatia', 'arjun.bhatia@gmail.com', '$2b$12$RsT0yxD6OPtT2tUcIgFlVb', '2002-04-11', 'Koramangala, Bangalore', '9868890128'),
('U069', 'Nidhi Chaturvedi', 'nidhi.chaturvedi@gmail.com', '$2b$12$StU1zyE7PQuU3uVdJhGmWc', '2003-07-23', 'Boring Road, Patna', '9869901239'),
('U070', 'Yash Chanchad', 'yash.chanchad@gmail.com', '$2b$12$TuV2azF8QRvV4vWeKiHnXd', '2004-11-05', 'Ellis Bridge, Ahmedabad', '9870012340'),
('U071', 'Ishita Qureshi', 'ishita.qureshi@gmail.com', '$2b$12$UvW3baG9RSvW5wXfLjIoYe', '2005-02-17', 'Park Street, Kolkata', '9871123451'),
('U072', 'Kabir Rastogi', 'kabir.rastogi@gmail.com', '$2b$12$VwX4cbH0STwX6xYgMkJpZf', '2006-06-30', 'Hauz Khas, New Delhi', '9872234562'),
('U073', 'Swati Rao', 'swati.rao@gmail.com', '$2b$12$WxY5dcI1TUxY7yZhNlKqAg', '1995-09-12', 'Mylapore, Chennai', '9873345673'),
('U074', 'Pranav Menon', 'pranav.menon@gmail.com', '$2b$12$XyZ6edJ2UVyZ8zAiOmLrBh', '1996-12-25', 'Whitefield, Bangalore', '9874456784'),
('U075', 'Rashi Agarwal', 'rashi.agarwal@gmail.com', '$2b$12$YzA7feK3VWzA9aBjPnMsCi', '1998-04-07', 'C Scheme, Jaipur', '9875567895'),
('U076', 'Dhruv Saxena', 'dhruv.saxena@gmail.com', '$2b$12$ZaB8gfL4WXaB0bCkQoNtDj', '1999-08-19', 'Hazratganj, Lucknow', '9876678906'),
('U077', 'Tanya Jain', 'tanya.jain@gmail.com', '$2b$12$AbC9hgM5XYbC1cDlRpOuEk', '2000-11-01', 'Vijay Nagar, Indore', '9877789017'),
('U078', 'Ayush Khanna', 'ayush.khanna@gmail.com', '$2b$12$BcD0ihN6YZcD2dEmSqPvFl', '2001-03-15', 'Model Town, Ludhiana', '9878890128'),
('U079', 'Kritika Pillai', 'kritika.pillai@gmail.com', '$2b$12$CdE1jiO7ZAdE3eFnTrQwGm', '2002-06-26', 'MG Road, Kochi', '9879901239'),
('U080', 'Dev Kaur', 'dev.kaur@gmail.com', '$2b$12$DeF2kjP8ABfE4fGoUsRxHn', '2003-10-08', 'Sector 22, Chandigarh', '9880012340'),
('U081', 'Ananya Varma', 'ananya.varma@gmail.com', '$2b$12$EfG3lkQ9BCgF5gHpVtSyIo', '2004-01-20', 'Bandra West, Mumbai', '9881123451'),
('U082', 'Varun Gulati', 'varun.gulati@gmail.com', '$2b$12$FgH4mlR0CDhG6hIqWuTzJp', '2005-05-03', 'Rajouri Garden, New Delhi', '9882234562'),
('U083', 'Shikha Khan', 'shikha.khan@gmail.com', '$2b$12$GhI5nmS1DEiH7iJrXvUaKq', '2006-09-14', 'Ballygunge, Kolkata', '9883345673'),
('U084', 'Siddhant Saraf', 'siddhant.saraf@gmail.com', '$2b$12$HiJ6onT2EFjI8jKsYwVbLr', '1995-12-27', 'Andheri East, Mumbai', '9884456784'),
('U085', 'Ayesha Mishra', 'ayesha.mishra@gmail.com', '$2b$12$KiX7rQw3HJpL9mNvBzYeOu', '1997-04-10', 'Aliganj, Lucknow', '9885567895'),
('U086', 'Nishant Sen', 'nishant.sen@gmail.com', '$2b$12$LmN8sRx4IJqM0nOwCaZfPv', '1998-07-22', 'Salt Lake Sector V, Kolkata', '9886678906'),
('U087', 'Radhika Nair', 'radhika.nair@gmail.com', '$2b$12$MnO9tSy5JKrN1oPxDbAgQw', '1999-11-04', 'Anna Nagar, Chennai', '9887789017'),
('U088', 'Harsha Vardhan', 'harsha.vardhan@gmail.com', '$2b$12$NoP0uTz6KLsO2pQyEcBhRx', '2001-02-16', 'Hitech City, Hyderabad', '9888890128'),
('U089', 'Simran Kaur', 'simran.kaur@gmail.com', '$2b$12$OpQ1vUa7LMtP3qRzFdCiSy', '2002-06-29', 'Phase 8, Mohali', '9889901239'),
('U090', 'Kunal Nanda', 'kunal.nanda@gmail.com', '$2b$12$PqR2wVb8MNuQ4rSaGeDjTz', '2003-10-11', 'Greater Kailash, New Delhi', '9890012340'),
('U091', 'Divya Prakash', 'divya.prakash@gmail.com', '$2b$12$QrS3xWc9NOvR5sTbHfEkUa', '2004-01-24', 'Kankarbagh, Patna', '9891123451'),
('U092', 'Mohit Chauhan', 'mohit.chauhan@gmail.com', '$2b$12$RsT4yXd0OPwS6tUcIgFlVb', '2005-05-07', 'Vastrapur, Ahmedabad', '9892234562'),
('U093', 'Shreya Nandi', 'shreya.nandi@gmail.com', '$2b$12$StU5zYe1PQxT7uVdJhGmWc', '2006-08-19', 'New Alipore, Kolkata', '9893345673'),
('U094', 'Akhil Kumar', 'akhil.kumar@gmail.com', '$2b$12$TuV6aZf2QRyU8vWeKiHnXd', '1995-12-01', 'Electronic City, Bangalore', '9894456784'),
('U095', 'Manasi Joshi', 'manasi.joshi@gmail.com', '$2b$12$UvW7baG3RSzV9wXfLjIoYe', '1997-03-14', 'Deccan Gymkhana, Pune', '9895567895'),
('U096', 'Tarun Varma', 'tarun.varma@gmail.com', '$2b$12$VwX8cbH4STaW0xYgMkJpZf', '1998-06-26', 'Banjara Hills, Hyderabad', '9896678906'),
('U097', 'Ritu Nanda', 'ritu.nanda@gmail.com', '$2b$12$XyZ0edJ6UVcY2zAiOmLrBh', '1999-10-08', 'Lajpat Nagar, New Delhi', '9897789017'),
('U098', 'Deepak Sharma', 'deepak.sharma@gmail.com', '$2b$12$YzA1feK7VWdZ3aBjPnMsCi', '2001-01-20', 'Malviya Nagar, Jaipur', '9898890128'),
('U099', 'Sunita Rao', 'sunita.rao@gmail.com', '$2b$12$ZaB2gfL8WXeA4bCkQoNtDj', '2002-05-04', 'T Nagar, Chennai', '9899901239'),
('U100', 'Rajeev Menon', 'rajeev.menon@gmail.com', '$2b$12$AbC3hgM9XYfB5cDlRpOuEk', '2003-08-16', 'Kaloor, Kochi', '9900012340'),
('U101', 'Aarav Patel', 'aarav.patel@gmail.com', '$2b$12$LmN8sRx4IJqM0nOwCaZfPv', '1998-02-12', 'Vastrapur, Ahmedabad', '9910000101'),
('U102', 'Vihaan Sharma', 'vihaan.sharma@gmail.com', '$2b$12$MnO9tSy5JKrN1oPxDbAgQw', '1999-04-23', 'Malviya Nagar, New Delhi', '9910000102'),
('U103', 'Vivaan Singh', 'vivaan.singh@gmail.com', '$2b$12$NoP0uTz6KLsO2pQyEcBhRx', '2000-06-15', 'Koramangala, Bangalore', '9910000103'),
('U104', 'Ananya Gupta', 'ananya.gupta@gmail.com', '$2b$12$OpQ1vUa7LMtP3qRzFdCiSy', '2001-08-30', 'Salt Lake, Kolkata', '9910000104'),
('U105', 'Diya Kumar', 'diya.kumar@gmail.com', '$2b$12$PqR2wVb8MNuQ4rSaGeDjTz', '1995-11-12', 'Andheri West, Mumbai', '9910000105'),
('U106', 'Advik Desai', 'advik.desai@gmail.com', '$2b$12$QrS3xWc9NOvR5sTbHfEkUa', '1996-01-25', 'Navrangpura, Ahmedabad', '9910000106'),
('U107', 'Kavya Joshi', 'kavya.joshi@gmail.com', '$2b$12$RsT4yXd0OPwS6tUcIgFlVb', '1997-03-09', 'Deccan Gymkhana, Pune', '9910000107'),
('U108', 'Dhruv Verma', 'dhruv.verma@gmail.com', '$2b$12$StU5zYe1PQxT7uVdJhGmWc', '1998-05-18', 'Gomti Nagar, Lucknow', '9910000108'),
('U109', 'Kabir Reddy', 'kabir.reddy@gmail.com', '$2b$12$TuV6aZf2QRyU8vWeKiHnXd', '1999-07-22', 'Banjara Hills, Hyderabad', '9910000109'),
('U110', 'Ishaan Nair', 'ishaan.nair@gmail.com', '$2b$12$UvW7baG3RSzV9wXfLjIoYe', '2000-09-05', 'MG Road, Kochi', '9910000110'),
('U111', 'Oviya Iyer', 'oviya.iyer@gmail.com', '$2b$12$VwX8cbH4STaW0xYgMkJpZf', '2001-10-14', 'Adyar, Chennai', '9910000111'),
('U112', 'Ayaan Menon', 'ayaan.menon@gmail.com', '$2b$12$XyZ0edJ6UVcY2zAiOmLrBh', '2002-12-01', 'Whitefield, Bangalore', '9910000112'),
('U113', 'Krishna Rao', 'krishna.rao@gmail.com', '$2b$12$YzA1feK7VWdZ3aBjPnMsCi', '2003-02-19', 'Mylapore, Chennai', '9910000113'),
('U114', 'Arjun Das', 'arjun.das@gmail.com', '$2b$12$ZaB2gfL8WXeA4bCkQoNtDj', '2004-04-28', 'Ballygunge, Kolkata', '9910000114'),
('U115', 'Sai Agarwal', 'sai.agarwal@gmail.com', '$2b$12$AbC3hgM9XYfB5cDlRpOuEk', '2005-06-11', 'C Scheme, Jaipur', '9910000115'),
('U116', 'Riya Kaur', 'riya.kaur@gmail.com', '$2b$12$BcD4ihN0YZgC6dEmSqPvFl', '2006-08-25', 'Sector 17, Chandigarh', '9910000116'),
('U117', 'Mira Singh', 'mira.singh@gmail.com', '$2b$12$CdE5jiO1ZAhD7eFnTrQwGm', '1995-10-08', 'Lajpat Nagar, New Delhi', '9910000117'),
('U118', 'Aryan Khan', 'aryan.khan@gmail.com', '$2b$12$DeF6kjP2ABiE8fGoUsRxHn', '1996-12-22', 'Park Street, Kolkata', '9910000118'),
('U119', 'Neha Jain', 'neha.jain@gmail.com', '$2b$12$EfG7lkQ3BCjF9gHpVtSyIo', '1997-01-30', 'Vijay Nagar, Indore', '9910000119'),
('U120', 'Rohan Saraf', 'rohan.saraf@gmail.com', '$2b$12$FgH8mlR4CDkG0hIqWuTzJp', '1998-03-15', 'Andheri East, Mumbai', '9910000120'),
('U121', 'Anushka Mishra', 'anushka.mishra@gmail.com', '$2b$12$GhI9nmS5DEiH1iJrXvUaKq', '1999-05-27', 'Aliganj, Lucknow', '9910000121'),
('U122', 'Aaditya Sen', 'aaditya.sen@gmail.com', '$2b$12$HiJ0onT6EFjI2jKsYwVbLr', '2000-07-09', 'Salt Lake Sector V, Kolkata', '9910000122'),
('U123', 'Reyansh Vardhan', 'reyansh.vardhan@gmail.com', '$2b$12$IjK1poU7FGkJ3kLtZxWcMs', '2001-09-18', 'Hitech City, Hyderabad', '9910000123'),
('U124', 'Prisha Nanda', 'prisha.nanda@gmail.com', '$2b$12$JkL2qpV8GHlK4lMuAyXdNt', '2002-11-04', 'Greater Kailash, New Delhi', '9910000124'),
('U125', 'Shaurya Prakash', 'shaurya.prakash@gmail.com', '$2b$12$KlM3rqW9HIlM5mNvBzYeOu', '2003-01-16', 'Kankarbagh, Patna', '9910000125'),
('U126', 'Aarohi Chauhan', 'aarohi.chauhan@gmail.com', '$2b$12$LmN4srX0IJmN6nOwCaZfPv', '2004-03-29', 'Vastrapur, Ahmedabad', '9910000126'),
('U127', 'Atharv Nandi', 'atharv.nandi@gmail.com', '$2b$12$MnO5tsY1JKnO7oPxDbAgQw', '2005-05-12', 'New Alipore, Kolkata', '9910000127'),
('U128', 'Kiara Kumar', 'kiara.kumar@gmail.com', '$2b$12$NoP6utZ2KLoP8pQyEcBhRx', '2006-07-24', 'Electronic City, Bangalore', '9910000128'),
('U129', 'Nivaan Varma', 'nivaan.varma@gmail.com', '$2b$12$OpQ7vuA3LMpQ9qRzFdCiSy', '1995-09-06', 'Banjara Hills, Hyderabad', '9910000129'),
('U130', 'Zara Sharma', 'zara.sharma@gmail.com', '$2b$12$PqR8wvB4MNqR0rSaGeDjTz', '1996-11-19', 'Malviya Nagar, Jaipur', '9910000130'),
('U131', 'Ansh Patel', 'ansh.patel@gmail.com', '$2b$12$QrS9xwC5NOsS1sTbHfEkUa', '1997-01-02', 'Ellis Bridge, Ahmedabad', '9910000131'),
('U132', 'Myra Singh', 'myra.singh@gmail.com', '$2b$12$RsT0yxD6OPtT2tUcIgFlVb', '1998-02-14', 'Ashok Nagar, Patna', '9910000132'),
('U133', 'Ayush Gupta', 'ayush.gupta@gmail.com', '$2b$12$StU1zyE7PQuU3uVdJhGmWc', '1999-04-27', 'Civil Lines, Kanpur', '9910000133'),
('U134', 'Ira Desai', 'ira.desai@gmail.com', '$2b$12$TuV2azF8QRvV4vWeKiHnXd', '2000-06-09', 'Sion Hospital, Mumbai', '9910000134'),
('U135', 'Darsh Joshi', 'darsh.joshi@gmail.com', '$2b$12$UvW3baG9RSvW5wXfLjIoYe', '2001-08-21', 'Vyttila, Kochi', '9910000135'),
('U136', 'Inaya Verma', 'inaya.verma@gmail.com', '$2b$12$VwX4cbH0STwX6xYgMkJpZf', '2002-10-03', 'Thiruvananthapuram, Kerala', '9910000136'),
('U137', 'Ranbir Reddy', 'ranbir.reddy@gmail.com', '$2b$12$WxY5dcI1TUxY7yZhNlKqAg', '2003-12-16', 'Jubilee Hills, Hyderabad', '9910000137'),
('U138', 'Shanaya Nair', 'shanaya.nair@gmail.com', '$2b$12$XyZ6edJ2UVyZ8zAiOmLrBh', '2004-02-28', 'Civil Lines, Jaipur', '9910000138'),
('U139', 'Kartik Iyer', 'kartik.iyer@gmail.com', '$2b$12$YzA7feK3VWzA9aBjPnMsCi', '2005-04-12', 'Sector 15, Chandigarh', '9910000139'),
('U140', 'Saanvi Menon', 'saanvi.menon@gmail.com', '$2b$12$ZaB8gfL4WXaB0bCkQoNtDj', '2006-06-25', 'Saket, New Delhi', '9910000140'),
('U141', 'Vidit Rao', 'vidit.rao@gmail.com', '$2b$12$AbC9hgM5XYbC1cDlRpOuEk', '1995-08-07', 'Boring Road, Patna', '9910000141'),
('U142', 'Navya Das', 'navya.das@gmail.com', '$2b$12$BcD0ihN6YZcD2dEmSqPvFl', '1996-10-19', 'Hauz Khas, New Delhi', '9910000142'),
('U143', 'Om Agarwal', 'om.agarwal@gmail.com', '$2b$12$CdE1jiO7ZAdE3eFnTrQwGm', '1997-12-02', 'Hazratganj, Lucknow', '9910000143'),
('U144', 'Riya Kaur', 'riya.kaur2@gmail.com', '$2b$12$DeF2kjP8ABfE4fGoUsRxHn', '1998-02-15', 'Model Town, Ludhiana', '9910000144'),
('U145', 'Tanishq Singh', 'tanishq.singh@gmail.com', '$2b$12$EfG3lkQ9BCgF5gHpVtSyIo', '1999-04-28', 'MG Road, Kochi', '9910000145'),
('U146', 'Kriti Khan', 'kriti.khan@gmail.com', '$2b$12$FgH4mlR0CDhG6hIqWuTzJp', '2000-06-10', 'Sector 22, Chandigarh', '9910000146'),
('U147', 'Siddharth Jain', 'siddharth.jain@gmail.com', '$2b$12$GhI5nmS1DEiH7iJrXvUaKq', '2001-08-23', 'Bandra West, Mumbai', '9910000147'),
('U148', 'Tara Saraf', 'tara.saraf@gmail.com', '$2b$12$HiJ6onT2EFjI8jKsYwVbLr', '2002-10-06', 'Rajouri Garden, New Delhi', '9910000148'),
('U149', 'Vedant Mishra', 'vedant.mishra@gmail.com', '$2b$12$KiX7rQw3HJpL9mNvBzYeOu', '2003-12-19', 'Anna Nagar, Chennai', '9910000149'),
('U150', 'Alia Sen', 'alia.sen@gmail.com', '$2b$12$LmN8sRx4IJqM0nOwCaZfPv', '2004-02-01', 'Phase 8, Mohali', '9910000150'),
('U151', 'Rudra Vardhan', 'rudra.vardhan@gmail.com', '$2b$12$MnO9tSy5JKrN1oPxDbAgQw', '2005-04-14', 'Vastrapur, Ahmedabad', '9910000151'),
('U152', 'Sara Nanda', 'sara.nanda@gmail.com', '$2b$12$NoP0uTz6KLsO2pQyEcBhRx', '2006-06-27', 'Malabar Hill, Mumbai', '9910000152'),
('U153', 'Rishi Prakash', 'rishi.prakash@gmail.com', '$2b$12$OpQ1vUa7LMtP3qRzFdCiSy', '1995-08-09', 'Adyar, Chennai', '9910000153'),
('U154', 'Jiya Chauhan', 'jiya.chauhan@gmail.com', '$2b$12$PqR2wVb8MNuQ4rSaGeDjTz', '1996-10-21', 'Koramangala, Bangalore', '9910000154'),
('U155', 'Dev Nandi', 'dev.nandi@gmail.com', '$2b$12$QrS3xWc9NOvR5sTbHfEkUa', '1997-12-04', 'Boring Road, Patna', '9910000155'),
('U156', 'Kyra Kumar', 'kyra.kumar@gmail.com', '$2b$12$RsT4yXd0OPwS6tUcIgFlVb', '1998-02-16', 'Ellis Bridge, Ahmedabad', '9910000156'),
('U157', 'Yug Varma', 'yug.varma@gmail.com', '$2b$12$StU5zYe1PQxT7uVdJhGmWc', '1999-04-30', 'Park Street, Kolkata', '9910000157'),
('U158', 'Meher Sharma', 'meher.sharma@gmail.com', '$2b$12$TuV6aZf2QRyU8vWeKiHnXd', '2000-07-12', 'Hauz Khas, New Delhi', '9910000158'),
('U159', 'Ayden Patel', 'ayden.patel@gmail.com', '$2b$12$UvW7baG3RSzV9wXfLjIoYe', '2001-09-24', 'Whitefield, Bangalore', '9910000159'),
('U160', 'Sia Singh', 'sia.singh@gmail.com', '$2b$12$VwX8cbH4STaW0xYgMkJpZf', '2002-11-06', 'C Scheme, Jaipur', '9910000160'),
('U161', 'Parth Gupta', 'parth.gupta@gmail.com', '$2b$12$XyZ0edJ6UVcY2zAiOmLrBh', '2003-01-19', 'Hazratganj, Lucknow', '9910000161'),
('U162', 'Aisha Kumar', 'aisha.kumar@gmail.com', '$2b$12$YzA1feK7VWdZ3aBjPnMsCi', '2004-03-02', 'Vijay Nagar, Indore', '9910000162'),
('U163', 'Lakshya Desai', 'lakshya.desai@gmail.com', '$2b$12$ZaB2gfL8WXeA4bCkQoNtDj', '2005-05-15', 'Model Town, Ludhiana', '9910000163'),
('U164', 'Pari Joshi', 'pari.joshi@gmail.com', '$2b$12$AbC3hgM9XYfB5cDlRpOuEk', '2006-07-28', 'MG Road, Kochi', '9910000164'),
('U165', 'Kiaan Verma', 'kiaan.verma@gmail.com', '$2b$12$BcD4ihN0YZgC6dEmSqPvFl', '1995-10-10', 'Sector 22, Chandigarh', '9910000165'),
('U166', 'Mahi Reddy', 'mahi.reddy@gmail.com', '$2b$12$CdE5jiO1ZAhD7eFnTrQwGm', '1996-12-23', 'Bandra West, Mumbai', '9910000166'),
('U167', 'Daksh Nair', 'daksh.nair@gmail.com', '$2b$12$DeF6kjP2ABiE8fGoUsRxHn', '1998-02-04', 'Rajouri Garden, New Delhi', '9910000167'),
('U168', 'Trisha Iyer', 'trisha.iyer@gmail.com', '$2b$12$EfG7lkQ3BCjF9gHpVtSyIo', '1999-04-18', 'Ballygunge, Kolkata', '9910000168'),
('U169', 'Kian Menon', 'kian.menon@gmail.com', '$2b$12$FgH8mlR4CDkG0hIqWuTzJp', '2000-06-30', 'Andheri East, Mumbai', '9910000169'),
('U170', 'Rhea Rao', 'rhea.rao@gmail.com', '$2b$12$GhI9nmS5DEiH1iJrXvUaKq', '2001-09-12', 'Aliganj, Lucknow', '9910000170'),
('U171', 'Veer Das', 'veer.das@gmail.com', '$2b$12$HiJ0onT6EFjI2jKsYwVbLr', '2002-11-25', 'Salt Lake Sector V, Kolkata', '9910000171'),
('U172', 'Aanya Agarwal', 'aanya.agarwal@gmail.com', '$2b$12$IjK1poU7FGkJ3kLtZxWcMs', '2004-01-07', 'Anna Nagar, Chennai', '9910000172'),
('U173', 'Samar Kaur', 'samar.kaur@gmail.com', '$2b$12$JkL2qpV8GHlK4lMuAyXdNt', '2005-03-22', 'Hitech City, Hyderabad', '9910000173'),
('U174', 'Ishani Singh', 'ishani.singh@gmail.com', '$2b$12$KlM3rqW9HIlM5mNvBzYeOu', '2006-05-04', 'Phase 8, Mohali', '9910000174'),
('U175', 'Shaurya Khan', 'shaurya.khan@gmail.com', '$2b$12$LmN4srX0IJmN6nOwCaZfPv', '1995-07-17', 'Greater Kailash, New Delhi', '9910000175'),
('U176', 'Myra Jain', 'myra.jain@gmail.com', '$2b$12$MnO5tsY1JKnO7oPxDbAgQw', '1996-09-29', 'Kankarbagh, Patna', '9910000176'),
('U177', 'Reyansh Saraf', 'reyansh.saraf@gmail.com', '$2b$12$NoP6utZ2KLoP8pQyEcBhRx', '1997-12-12', 'Vastrapur, Ahmedabad', '9910000177'),
('U178', 'Anika Mishra', 'anika.mishra@gmail.com', '$2b$12$OpQ7vuA3LMpQ9qRzFdCiSy', '1999-02-24', 'New Alipore, Kolkata', '9910000178'),
('U179', 'Pranav Sen', 'pranav.sen@gmail.com', '$2b$12$PqR8wvB4MNqR0rSaGeDjTz', '2000-05-08', 'Electronic City, Bangalore', '9910000179'),
('U180', 'Diya Vardhan', 'diya.vardhan@gmail.com', '$2b$12$QrS9xwC5NOsS1sTbHfEkUa', '2001-07-21', 'Deccan Gymkhana, Pune', '9910000180'),
('U181', 'Arnav Nanda', 'arnav.nanda@gmail.com', '$2b$12$RsT0yxD6OPtT2tUcIgFlVb', '2002-09-02', 'Banjara Hills, Hyderabad', '9910000181'),
('U182', 'Aarohi Prakash', 'aarohi.prakash@gmail.com', '$2b$12$StU1zyE7PQuU3uVdJhGmWc', '2003-11-15', 'Lajpat Nagar, New Delhi', '9910000182'),
('U183', 'Ishan Chauhan', 'ishan.chauhan@gmail.com', '$2b$12$TuV2azF8QRvV4vWeKiHnXd', '2005-01-27', 'Malviya Nagar, Jaipur', '9910000183'),
('U184', 'Kavya Nandi', 'kavya.nandi@gmail.com', '$2b$12$UvW3baG9RSvW5wXfLjIoYe', '2006-04-10', 'T Nagar, Chennai', '9910000184'),
('U185', 'Vivaan Kumar', 'vivaan.kumar2@gmail.com', '$2b$12$VwX4cbH0STwX6xYgMkJpZf', '1995-06-23', 'Kaloor, Kochi', '9910000185'),
('U186', 'Saanvi Varma', 'saanvi.varma@gmail.com', '$2b$12$WxY5dcI1TUxY7yZhNlKqAg', '1996-08-05', 'Indiranagar, Bangalore', '9910000186'),
('U187', 'Aditya Sharma', 'aditya.sharma2@gmail.com', '$2b$12$XyZ6edJ2UVyZ8zAiOmLrBh', '1997-10-18', 'Salt Lake, Kolkata', '9910000187'),
('U188', 'Nandini Patel', 'nandini.patel@gmail.com', '$2b$12$YzA7feK3VWzA9aBjPnMsCi', '1998-12-30', 'Vasant Kunj, New Delhi', '9910000188'),
('U189', 'Dhruv Singh', 'dhruv.singh2@gmail.com', '$2b$12$ZaB8gfL4WXaB0bCkQoNtDj', '2000-03-13', 'Banjara Hills, Hyderabad', '9910000189'),
('U190', 'Ananya Gupta', 'ananya.gupta2@gmail.com', '$2b$12$AbC9hgM5XYbC1cDlRpOuEk', '2001-05-26', 'Navrangpura, Ahmedabad', '9910000190'),
('U191', 'Kabir Desai', 'kabir.desai@gmail.com', '$2b$12$BcD0ihN6YZcD2dEmSqPvFl', '2002-08-08', 'Alkapuri, Vadodara', '9910000191'),
('U192', 'Myra Joshi', 'myra.joshi@gmail.com', '$2b$12$CdE1jiO7ZAdE3eFnTrQwGm', '2003-10-21', 'Juhu, Mumbai', '9910000192'),
('U193', 'Shaurya Verma', 'shaurya.verma@gmail.com', '$2b$12$DeF2kjP8ABfE4fGoUsRxHn', '2005-01-02', 'Defence Colony, New Delhi', '9910000193'),
('U194', 'Aarohi Reddy', 'aarohi.reddy@gmail.com', '$2b$12$EfG3lkQ9BCgF5gHpVtSyIo', '2006-03-16', 'Kothrud, Pune', '9910000194'),
('U195', 'Reyansh Nair', 'reyansh.nair@gmail.com', '$2b$12$FgH4mlR0CDhG6hIqWuTzJp', '1995-05-29', 'Gariahat, Kolkata', '9910000195'),
('U196', 'Kiara Iyer', 'kiara.iyer@gmail.com', '$2b$12$GhI5nmS1DEiH7iJrXvUaKq', '1996-08-11', 'Malabar Hill, Mumbai', '9910000196'),
('U197', 'Atharv Menon', 'atharv.menon@gmail.com', '$2b$12$HiJ6onT2EFjI8jKsYwVbLr', '1997-10-24', 'Jubilee Hills, Hyderabad', '9910000197'),
('U198', 'Ira Rao', 'ira.rao@gmail.com', '$2b$12$KiX7rQw3HJpL9mNvBzYeOu', '1999-01-05', 'Adyar, Chennai', '9910000198'),
('U199', 'Ayaan Das', 'ayaan.das@gmail.com', '$2b$12$LmN8sRx4IJqM0nOwCaZfPv', '2000-03-18', 'Civil Lines, Jaipur', '9910000199'),
('U200', 'Saanvi Agarwal', 'saanvi.agarwal@gmail.com', '$2b$12$MnO9tSy5JKrN1oPxDbAgQw', '2001-05-31', 'Sector 15, Chandigarh', '9910000200');

-- 8. Maintenance_Shed table: 10 sheds (locomotive and carriage depots) attached to
-- specific divisions. SH009 (Lalaguda) has inspection_flag = TRUE to simulate
-- an ongoing compliance audit — this should affect locomotive availability queries.
INSERT INTO maintenance_shed (shed_id, division_id, shed_name, shed_type, capacity, inspection_flag) VALUES
('SH001', 'D001', 'Shakur Basti Loco Shed',       'Locomotive', 60,  FALSE),
('SH002', 'D002', 'Tughlakabad Carriage Depot',   'Carriage',   80,  FALSE),
('SH003', 'D003', 'Mahalaxmi Loco Shed',           'Locomotive', 50,  FALSE),
('SH004', 'D004', 'Sabarmati Loco Shed',           'Locomotive', 45,  FALSE),
('SH005', 'D005', 'Royapuram Carriage Shed',       'Carriage',   90,  FALSE),
('SH006', 'D006', 'Krishnarajapuram Loco Shed',    'Locomotive', 55,  FALSE),
('SH007', 'D007', 'Howrah Loco Shed',              'Locomotive', 70,  FALSE),
('SH008', 'D010', 'Pune Carriage Depot',           'Carriage',   75,  FALSE),
('SH009', 'D011', 'Lalaguda Loco Shed',            'Locomotive', 65,  TRUE),
('SH010', 'D014', 'Lucknow Carriage Depot',        'Carriage',   60,  FALSE);

-- 9. Locomotive table: 35 locomotives covering real IRCTC loco classes — WAP-7, WAG-9H,
-- WDM-3A, WDP-4B, etc. Each is linked to a shed and later assigned to a train.
-- The variety of classes is intentional to test class-specific maintenance queries.
INSERT INTO locomotive (loco_id, loco_class, shed_id) VALUES
('LC001', 'WAP-7',  'SH001'),
('LC002', 'WAP-5',  'SH001'),
('LC003', 'WAG-9H', 'SH003'),
('LC004', 'WAP-7',  'SH003'),
('LC005', 'WDM-3A', 'SH005'),
('LC006', 'WAP-4',  'SH007'),
('LC007', 'WAP-7',  'SH007'),
('LC008', 'WAG-9',  'SH001'),
('LC009', 'WDP-4B', 'SH008'),
('LC010', 'WAP-5',  'SH003'),
('LC011', 'WAP-7',  'SH004'),
('LC012', 'WDM-3D', 'SH005'),
('LC013', 'WAP-4',  'SH006'),
('LC014', 'WAG-9H', 'SH009'),
('LC015', 'WAP-5',  'SH009'),
('LC016', 'WAP-7',  'SH002'),
('LC017', 'WDP-4',  'SH010'),
('LC018', 'WAP-4',  'SH004'),
('LC019', 'WAG-9',  'SH007'),
('LC020', 'WAP-7',  'SH006'),
('LC021', 'WAP-7',  'SH001'),
('LC022', 'WAP-5',  'SH002'),
('LC023', 'WAG-9',  'SH003'),
('LC024', 'WAP-7',  'SH004'),
('LC025', 'WDM-3A', 'SH005'),
('LC026', 'WAP-4',  'SH006'),
('LC027', 'WAP-7',  'SH007'),
('LC028', 'WAG-9H', 'SH008'),
('LC029', 'WDP-4B', 'SH009'),
('LC030', 'WAP-5',  'SH010'),
('LC031', 'WAP-7',  'SH001'),
('LC032', 'WDM-3D', 'SH002'),
('LC033', 'WAP-4',  'SH003'),
('LC034', 'WAG-9',  'SH004'),
('LC035', 'WAP-7',  'SH005');

-- 10. Train_Class table: Defines the 8 booking classes used in Indian Railways.
-- fare_multiplier is the coefficient applied on the base fare for that class.
-- For example, AC First Class (1A) costs 5x the base, General (GEN) costs 0.8x.
INSERT INTO train_class (class_id, class_name, fare_multiplier) VALUES
('CL001', 'General (GEN)', 0.80),
('CL002', 'Sleeper Class (SL)', 1.00),
('CL003', 'AC Third Tier (3A)', 2.50),
('CL004', 'AC Second Tier (2A)', 3.50),
('CL005', 'AC First Class (1A)', 5.00),
('CL006', 'AC Chair Car (CC)', 2.00),
('CL007', 'Executive Class (EC)', 4.00),
('CL008', 'Second Sitting (2S)', 0.90);

-- 11. Train table: 35 active trains, each assigned a route, locomotive, and class.
-- TR010 (Falaknuma Express) is marked "Under Maintenance" — useful for testing
-- edge cases where a booked train becomes temporarily unavailable.
INSERT INTO train (train_id, route_id, loco_id, class_id, train_name, train_type, train_status, total_coaches, base_fare) VALUES
('TR001', 'RT001', 'LC001', 'CL004', 'New Delhi Rajdhani Express', 'Rajdhani', 'Active', 20, 1550.00),
('TR002', 'RT002', 'LC002', 'CL006', 'Agra Shatabdi Express', 'Shatabdi', 'Active', 16, 795.00),
('TR003', 'RT003', 'LC003', 'CL003', 'Gujarat Duronto Express', 'Duronto', 'Active', 22, 620.00),
('TR004', 'RT004', 'LC005', 'CL003', 'Chennai-Bangalore Superfast', 'Superfast', 'Active', 18, 480.00),
('TR005', 'RT005', 'LC006', 'CL002', 'Howrah-Asansol Express', 'Express', 'Active', 15, 195.00),
('TR006', 'RT006', 'LC004', 'CL006', 'Lucknow Shatabdi Express', 'Shatabdi', 'Active', 14, 875.00),
('TR007', 'RT007', 'LC008', 'CL004', 'Patna Rajdhani', 'Rajdhani', 'Active', 20, 1200.00),
('TR008', 'RT008', 'LC010', 'CL002', 'Deccan Express', 'Express', 'Active', 18, 310.00),
('TR009', 'RT009', 'LC009', 'CL003', 'Coimbatore Intercity', 'Intercity', 'Active', 16, 496.00),
('TR010', 'RT010', 'LC007', 'CL003', 'Falaknuma Express', 'Express', 'Under Maintenance', 20, 950.00),
('TR011', 'RT011', 'LC016', 'CL008', 'Jaipur Intercity', 'Intercity', 'Active', 12, 320.00),
('TR012', 'RT012', 'LC011', 'CL003', 'Vibhuti Express', 'Express', 'Active', 16, 510.00),
('TR013', 'RT013', 'LC012', 'CL006', 'Ahmedabad Shatabdi', 'Shatabdi', 'Active', 14, 760.00),
('TR014', 'RT014', 'LC013', 'CL002', 'Kaveri Express', 'Express', 'Active', 12, 195.00),
('TR015', 'RT015', 'LC014', 'CL003', 'Kanpur Superfast', 'Superfast', 'Active', 16, 620.00),
('TR016', 'RT016', 'LC015', 'CL002', 'Coastal Express', 'Express', 'Active', 18, 550.00),
('TR017', 'RT017', 'LC017', 'CL002', 'Saurashtra Mail', 'Mail', 'Active', 20, 420.00),
('TR018', 'RT018', 'LC019', 'CL001', 'Desert Circuit Passenger', 'Passenger', 'Active', 10, 150.00),
('TR019', 'RT019', 'LC020', 'CL008', 'Janmabhoomi Express', 'Intercity', 'Active', 14, 310.00),
('TR020', 'RT020', 'LC021', 'CL002', 'Vidarbha Express', 'Express', 'Active', 22, 380.00),
('TR021', 'RT021', 'LC022', 'CL002', 'Teesta-Torsa Express', 'Express', 'Active', 16, 290.00),
('TR022', 'RT022', 'LC023', 'CL006', 'Ranchi Shatabdi', 'Shatabdi', 'Active', 12, 650.00),
('TR023', 'RT023', 'LC024', 'CL001', 'Gorakhpur-Varanasi City Exp', 'Express', 'Active', 14, 180.00),
('TR024', 'RT024', 'LC025', 'CL008', 'Odisha Intercity', 'Intercity', 'Active', 12, 340.00),
('TR025', 'RT025', 'LC026', 'CL001', 'Moradabad Local', 'Passenger', 'Active', 8, 90.00),
('TR026', 'RT026', 'LC027', 'CL002', 'Aurangabad Express', 'Express', 'Active', 16, 310.00),
('TR027', 'RT027', 'LC028', 'CL001', 'Andhra Passenger', 'Passenger', 'Active', 12, 120.00),
('TR028', 'RT028', 'LC029', 'CL008', 'Bihar Intercity', 'Intercity', 'Active', 14, 190.00),
('TR029', 'RT029', 'LC030', 'CL002', 'Kathgodam Hill Express', 'Express', 'Active', 10, 240.00),
('TR030', 'RT030', 'LC031', 'CL003', 'Haldia Port Express', 'Express', 'Active', 18, 410.00),
('TR031', 'RT031', 'LC032', 'CL001', 'Lalgola Passenger', 'Passenger', 'Active', 12, 100.00),
('TR032', 'RT032', 'LC033', 'CL002', 'Veraval Express', 'Express', 'Active', 15, 210.00),
('TR033', 'RT033', 'LC034', 'CL008', 'Jharkhand Intercity', 'Intercity', 'Active', 12, 180.00),
('TR034', 'RT034', 'LC035', 'CL001', 'Jharsuguda Shuttle', 'Passenger', 'Active', 6, 60.00),
('TR035', 'RT035', 'LC009', 'CL001', 'Haldia Local', 'Passenger', 'Active', 10, 75.00);

-- 12. Staff table (S001–S200): Core employee records spanning all zones and departments.
-- S001–S100 are Ticket Checkers, one per station. S101–S135 are Drivers, S136–S170 are Guards.
-- The remaining entries (S171–S200) are miscellaneous roles across Mechanical, IT, HR, etc.
-- station_id is NULL for staff not assigned to a fixed station (e.g., roving inspectors).
INSERT INTO staff (staff_id, zone_id, division_id, station_id, dept_id, name, role, phone, email, salary) VALUES
('S001', 'Z001', 'D001', 'ST001', 'DEPT03', 'Rajesh Sharma', 'TC', '9000000001', 'rajesh.st001@rail.com', 52000.00),
('S002', 'Z001', 'D001', 'ST002', 'DEPT03', 'Amit Kumar', 'TC', '9000000002', 'amit.st002@rail.com', 31500.00),
('S003', 'Z001', 'D002', 'ST003', 'DEPT03', 'Vikram Singh', 'TC', '9000000003', 'vikram.st003@rail.com', 48500.00),
('S004', 'Z002', 'D003', 'ST004', 'DEPT03', 'Suresh Patel', 'TC', '9000000004', 'suresh.st004@rail.com', 44000.00),
('S005', 'Z002', 'D003', 'ST005', 'DEPT03', 'Manoj Desai', 'TC', '9000000005', 'manoj.st005@rail.com', 33000.00),
('S006', 'Z002', 'D004', 'ST006', 'DEPT03', 'Kiran Joshi', 'TC', '9000000006', 'kiran.st006@rail.com', 59000.00),
('S007', 'Z003', 'D005', 'ST007', 'DEPT03', 'Deepak Verma', 'TC', '9000000007', 'deepak.st007@rail.com', 30500.00),
('S008', 'Z003', 'D005', 'ST008', 'DEPT03', 'Sanjay Gupta', 'TC', '9000000008', 'sanjay.st008@rail.com', 47000.00),
('S009', 'Z003', 'D006', 'ST009', 'DEPT03', 'Anil Mehta', 'TC', '9000000009', 'anil.st009@rail.com', 42500.00),
('S010', 'Z004', 'D007', 'ST010', 'DEPT03', 'Vijay Rao', 'TC', '9000000010', 'vijay.st010@rail.com', 38000.00),
('S011', 'Z004', 'D007', 'ST011', 'DEPT03', 'Rahul Kulkarni', 'TC', '9000000011', 'rahul.st011@rail.com', 39500.00),
('S012', 'Z004', 'D008', 'ST012', 'DEPT03', 'Prakash Iyer', 'TC', '9000000012', 'prakash.st012@rail.com', 55000.00),
('S013', 'Z005', 'D009', 'ST013', 'DEPT03', 'Sunil Reddy', 'TC', '9000000013', 'sunil.st013@rail.com', 51000.00),
('S014', 'Z005', 'D010', 'ST014', 'DEPT03', 'Mahesh Patil', 'TC', '9000000014', 'mahesh.st014@rail.com', 53000.00),
('S015', 'Z001', 'D002', 'ST015', 'DEPT03', 'Ajay Deshmukh', 'TC', '9000000015', 'ajay.st015@rail.com', 34000.00),
('S016', 'Z006', 'D011', 'ST016', 'DEPT03', 'Nitin Agarwal', 'TC', '9000000016', 'nitin.st016@rail.com', 41000.00),
('S017', 'Z006', 'D012', 'ST017', 'DEPT03', 'Arun Chatterjee', 'TC', '9000000017', 'arun.st017@rail.com', 58000.00),
('S018', 'Z007', 'D013', 'ST018', 'DEPT03', 'Ravi Nair', 'TC', '9000000018', 'ravi.st018@rail.com', 32000.00),
('S019', 'Z007', 'D014', 'ST019', 'DEPT03', 'Pramod Menon', 'TC', '9000000019', 'pramod.st019@rail.com', 36000.00),
('S020', 'Z008', 'D015', 'ST020', 'DEPT03', 'Rakesh Pillai', 'TC', '9000000020', 'rakesh.st020@rail.com', 37500.00),
('S021', 'Z008', 'D016', 'ST021', 'DEPT03', 'Gaurav Jain', 'TC', '9000000021', 'gaurav.st021@rail.com', 40500.00),
('S022', 'Z009', 'D017', 'ST022', 'DEPT03', 'Prashant Bhatt', 'TC', '9000000022', 'prashant.st022@rail.com', 49000.00),
('S023', 'Z009', 'D018', 'ST023', 'DEPT03', 'Alok Sinha', 'TC', '9000000023', 'alok.st023@rail.com', 31000.00),
('S024', 'Z010', 'D019', 'ST024', 'DEPT03', 'Naveen Choudhary', 'TC', '9000000024', 'naveen.st024@rail.com', 57000.00),
('S025', 'Z010', 'D020', 'ST025', 'DEPT03', 'Tarun Das', 'TC', '9000000025', 'tarun.st025@rail.com', 60000.00),
('S026', 'Z001', 'D001', 'ST026', 'DEPT03', 'Harish Mishra', 'TC', '9000000026', 'harish.st026@rail.com', 43000.00),
('S027', 'Z001', 'D001', 'ST027', 'DEPT03', 'Yogesh Tiwari', 'TC', '9000000027', 'yogesh.st027@rail.com', 35000.00),
('S028', 'Z001', 'D002', 'ST028', 'DEPT03', 'Kamal Dubey', 'TC', '9000000028', 'kamal.st028@rail.com', 59500.00),
('S029', 'Z002', 'D003', 'ST029', 'DEPT03', 'Ashish Pandey', 'TC', '9000000029', 'ashish.st029@rail.com', 30000.00),
('S030', 'Z002', 'D004', 'ST030', 'DEPT03', 'Bhavin Shah', 'TC', '9000000030', 'bhavin.st030@rail.com', 46500.00),
('S031', 'Z003', 'D005', 'ST031', 'DEPT03', 'Kunal Trivedi', 'TC', '9000000031', 'kunal.st031@rail.com', 34500.00),
('S032', 'Z010', 'D006', 'ST032', 'DEPT03', 'Rohan Bhatia', 'TC', '9000000032', 'rohan.st032@rail.com', 41500.00),
('S033', 'Z004', 'D007', 'ST033', 'DEPT03', 'Sameer Ahuja', 'TC', '9000000033', 'sameer.st033@rail.com', 32500.00),
('S034', 'Z004', 'D008', 'ST034', 'DEPT03', 'Varun Chawla', 'TC', '9000000034', 'varun.st034@rail.com', 33500.00),
('S035', 'Z005', 'D009', 'ST035', 'DEPT03', 'Manish Kapoor', 'TC', '9000000035', 'manish.st035@rail.com', 45500.00),
('S036', 'Z005', 'D010', 'ST036', 'DEPT03', 'Jatin Khanna', 'TC', '9000000036', 'jatin.st036@rail.com', 35500.00),
('S037', 'Z006', 'D011', 'ST037', 'DEPT03', 'Siddharth Mehra', 'TC', '9000000037', 'siddharth.st037@rail.com', 42000.00),
('S038', 'Z006', 'D012', 'ST038', 'DEPT03', 'Karthik Subramanian', 'TC', '9000000038', 'karthik.st038@rail.com', 44500.00),
('S039', 'Z007', 'D013', 'ST039', 'DEPT03', 'Venkatesh Prasad', 'TC', '9000000039', 'venkatesh.st039@rail.com', 37000.00),
('S040', 'Z007', 'D014', 'ST040', 'DEPT03', 'Ganesh Krishnan', 'TC', '9000000040', 'ganesh.st040@rail.com', 48000.00),
('S041', 'Z002', 'D021', 'ST041', 'DEPT03', 'Ronak Vataliya', 'TC', '9000000041', 'ronak.st041@rail.com', 40000.00),
('S042', 'Z002', 'D021', 'ST042', 'DEPT03', 'Dhaval Tolani', 'TC', '9000000042', 'dhaval.st042@rail.com', 39000.00),
('S043', 'Z002', 'D022', 'ST043', 'DEPT03', 'Taksh Chauhan', 'TC', '9000000043', 'taksh.st043@rail.com', 38500.00),
('S044', 'Z002', 'D022', 'ST044', 'DEPT03', 'Rushil Sureja', 'TC', '9000000044', 'rushil.st044@rail.com', 37500.00),
('S045', 'Z002', 'D023', 'ST045', 'DEPT03', 'Darpan Sherahiya', 'TC', '9000000045', 'darpan.st045@rail.com', 41000.00),
('S046', 'Z002', 'D023', 'ST046', 'DEPT03', 'Tirth Solanki', 'TC', '9000000046', 'tirth.st046@rail.com', 42000.00),
('S047', 'Z002', 'D024', 'ST047', 'DEPT03', 'Preet Hirapara', 'TC', '9000000047', 'preet.st047@rail.com', 43000.00),
('S048', 'Z002', 'D024', 'ST048', 'DEPT03', 'Nand Chattrala', 'TC', '9000000048', 'nand.st048@rail.com', 44000.00),
('S049', 'Z003', 'D025', 'ST049', 'DEPT03', 'Aravind Swamy', 'TC', '9000000049', 'aravind.st049@rail.com', 56000.00),
('S050', 'Z003', 'D025', 'ST050', 'DEPT03', 'Rajiv Menon', 'TC', '9000000050', 'rajiv.st050@rail.com', 50000.00),
('S051', 'Z003', 'D026', 'ST051', 'DEPT03', 'Vidyut Jamwal', 'TC', '9000000051', 'vidyut.st051@rail.com', 32000.00),
('S052', 'Z003', 'D026', 'ST052', 'DEPT03', 'Anurag Kashyap', 'TC', '9000000052', 'anurag.st052@rail.com', 34000.00),
('S053', 'Z003', 'D027', 'ST053', 'DEPT03', 'Nishant Sharma', 'TC', '9000000053', 'nishant.st053@rail.com', 59000.00),
('S054', 'Z003', 'D027', 'ST054', 'DEPT03', 'Hemant Patel', 'TC', '9000000054', 'hemant.st054@rail.com', 36000.00),
('S055', 'Z003', 'D028', 'ST055', 'DEPT03', 'Chetan Bhagat', 'TC', '9000000055', 'chetan.st055@rail.com', 55500.00),
('S056', 'Z003', 'D028', 'ST056', 'DEPT03', 'Raghav Chadha', 'TC', '9000000056', 'raghav.st056@rail.com', 54000.00),
('S057', 'Z003', 'D029', 'ST057', 'DEPT03', 'Dinesh Karthik', 'TC', '9000000057', 'dinesh.st057@rail.com', 59800.00),
('S058', 'Z003', 'D029', 'ST058', 'DEPT03', 'Shikhar Dhawan', 'TC', '9000000058', 'shikhar.st058@rail.com', 58500.00),
('S059', 'Z004', 'D030', 'ST059', 'DEPT03', 'Jasprit Bumrah', 'TC', '9000000059', 'jasprit.st059@rail.com', 51000.00),
('S060', 'Z004', 'D030', 'ST060', 'DEPT03', 'Bhuvan Bam', 'TC', '9000000060', 'bhuvan.st060@rail.com', 49500.00),
('S061', 'Z004', 'D031', 'ST061', 'DEPT03', 'Ashish Chanchlani', 'TC', '9000000061', 'ashish.st061@rail.com', 57500.00),
('S062', 'Z004', 'D031', 'ST062', 'DEPT03', 'Ajey Nagar', 'TC', '9000000062', 'ajey.st062@rail.com', 56500.00),
('S063', 'Z005', 'D032', 'ST063', 'DEPT03', 'Sandeep Maheshwari', 'TC', '9000000063', 'sandeep.st063@rail.com', 39000.00),
('S064', 'Z005', 'D032', 'ST064', 'DEPT03', 'Vivek Bindra', 'TC', '9000000064', 'vivek.st064@rail.com', 52500.00),
('S065', 'Z005', 'D033', 'ST065', 'DEPT03', 'Anupam Kher', 'TC', '9000000065', 'anupam.st065@rail.com', 54500.00),
('S066', 'Z005', 'D033', 'ST066', 'DEPT03', 'Naseeruddin Shah', 'TC', '9000000066', 'naseer.st066@rail.com', 53500.00),
('S067', 'Z005', 'D034', 'ST067', 'DEPT03', 'Om Puri', 'TC', '9000000067', 'ompuri.st067@rail.com', 52000.00),
('S068', 'Z005', 'D034', 'ST068', 'DEPT03', 'Amol Palekar', 'TC', '9000000068', 'amol.st068@rail.com', 51500.00),
('S069', 'Z006', 'D035', 'ST069', 'DEPT03', 'Farooq Sheikh', 'TC', '9000000069', 'farooq.st069@rail.com', 50500.00),
('S070', 'Z006', 'D035', 'ST070', 'DEPT03', 'Pankaj Kapur', 'TC', '9000000070', 'pankaj.st070@rail.com', 48500.00),
('S071', 'Z006', 'D036', 'ST071', 'DEPT03', 'Rajkummar Rao', 'TC', '9000000071', 'rajkummar.st071@rail.com', 47500.00),
('S072', 'Z006', 'D036', 'ST072', 'DEPT03', 'Ayushmann Khurrana', 'TC', '9000000072', 'ayushmann.st072@rail.com', 46500.00),
('S073', 'Z006', 'D037', 'ST073', 'DEPT03', 'Vicky Kaushal', 'TC', '9000000073', 'vicky.st073@rail.com', 33000.00),
('S074', 'Z006', 'D037', 'ST074', 'DEPT03', 'Sushant Singh', 'TC', '9000000074', 'sushant.st074@rail.com', 45000.00),
('S075', 'Z006', 'D038', 'ST075', 'DEPT03', 'Pankaj Tripathi', 'TC', '9000000075', 'tripathi.st075@rail.com', 49000.00),
('S076', 'Z006', 'D038', 'ST076', 'DEPT03', 'Nawazuddin Siddiqui', 'TC', '9000000076', 'nawaz.st076@rail.com', 31500.00),
('S077', 'Z007', 'D039', 'ST077', 'DEPT03', 'Manoj Bajpayee', 'TC', '9000000077', 'bajpayee.st077@rail.com', 44000.00),
('S078', 'Z007', 'D039', 'ST078', 'DEPT03', 'Kay Kay Menon', 'TC', '9000000078', 'kaykay.st078@rail.com', 43500.00),
('S079', 'Z007', 'D040', 'ST079', 'DEPT03', 'Boman Irani', 'TC', '9000000079', 'boman.st079@rail.com', 38000.00),
('S080', 'Z007', 'D040', 'ST080', 'DEPT03', 'Paresh Rawal', 'TC', '9000000080', 'paresh.st080@rail.com', 30500.00),
('S081', 'Z008', 'D041', 'ST081', 'DEPT03', 'Darshan Jariwala', 'TC', '9000000081', 'darshan.st081@rail.com', 52000.00),
('S082', 'Z008', 'D041', 'ST082', 'DEPT03', 'Annu Kapoor', 'TC', '9000000082', 'annu.st082@rail.com', 51000.00),
('S083', 'Z008', 'D042', 'ST083', 'DEPT03', 'Saurabh Shukla', 'TC', '9000000083', 'saurabh.st083@rail.com', 60000.00),
('S084', 'Z008', 'D042', 'ST084', 'DEPT03', 'Piyush Mishra', 'TC', '9000000084', 'piyush.st084@rail.com', 54000.00),
('S085', 'Z008', 'D043', 'ST085', 'DEPT03', 'Gajraj Rao', 'TC', '9000000085', 'gajraj.st085@rail.com', 36000.00),
('S086', 'Z008', 'D043', 'ST086', 'DEPT03', 'Neeraj Kabi', 'TC', '9000000086', 'neeraj.st086@rail.com', 47500.00),
('S087', 'Z009', 'D044', 'ST087', 'DEPT03', 'Adil Hussain', 'TC', '9000000087', 'adil.st087@rail.com', 59000.00),
('S088', 'Z009', 'D044', 'ST088', 'DEPT03', 'Kumud Mishra', 'TC', '9000000088', 'kumud.st088@rail.com', 32000.00),
('S089', 'Z009', 'D045', 'ST089', 'DEPT03', 'Pavan Malhotra', 'TC', '9000000089', 'pavan.st089@rail.com', 48000.00),
('S090', 'Z009', 'D045', 'ST090', 'DEPT03', 'Rajat Kapoor', 'TC', '9000000090', 'rajat.st090@rail.com', 49500.00),
('S091', 'Z004', 'D046', 'ST091', 'DEPT03', 'Vinay Pathak', 'TC', '9000000091', 'vinay.st091@rail.com', 39000.00),
('S092', 'Z004', 'D046', 'ST092', 'DEPT03', 'Ranvir Shorey', 'TC', '9000000092', 'ranvir.st092@rail.com', 45000.00),
('S093', 'Z004', 'D047', 'ST093', 'DEPT03', 'Zakir Hussain', 'TC', '9000000093', 'zakir.st093@rail.com', 53000.00),
('S094', 'Z004', 'D047', 'ST094', 'DEPT03', 'Yashpal Sharma', 'TC', '9000000094', 'yashpal.st094@rail.com', 51000.00),
('S095', 'Z006', 'D048', 'ST095', 'DEPT03', 'Govind Namdev', 'TC', '9000000095', 'govind.st095@rail.com', 59500.00),
('S096', 'Z006', 'D048', 'ST096', 'DEPT03', 'Ashish Vidyarthi', 'TC', '9000000096', 'ashishv.st096@rail.com', 41000.00),
('S097', 'Z006', 'D049', 'ST097', 'DEPT03', 'Mukesh Rishi', 'TC', '9000000097', 'mukesh.st097@rail.com', 52000.00),
('S098', 'Z006', 'D049', 'ST098', 'DEPT03', 'Puneet Issar', 'TC', '9000000098', 'puneet.st098@rail.com', 46000.00),
('S099', 'Z001', 'D050', 'ST099', 'DEPT03', 'Pradeep Rawat', 'TC', '9000000099', 'pradeep.st099@rail.com', 58000.00),
('S100', 'Z001', 'D050', 'ST100', 'DEPT03', 'Sayaji Shinde', 'TC', '9000000100', 'sayaji.st100@rail.com', 55000.00),
('S101', 'Z001', 'D001', NULL, 'DEPT01', 'Naresh Iyer', 'Senior Loco Pilot', '9000000101', 'naresh.tr001@rail.com', 95000.00),
('S102', 'Z001', 'D001', NULL, 'DEPT01', 'Harikrishnan Menon', 'Senior Loco Pilot', '9000000102', 'hari.tr002@rail.com', 92000.00),
('S103', 'Z002', 'D003', NULL, 'DEPT01', 'Manoj Tiwary', 'Loco Pilot', '9000000103', 'manoj.tr003@rail.com', 88000.00),
('S104', 'Z003', 'D005', NULL, 'DEPT01', 'Siddharth Kaul', 'Loco Pilot', '9000000104', 'siddharth.tr004@rail.com', 85000.00),
('S105', 'Z004', 'D007', NULL, 'DEPT01', 'Umesh Yadav', 'Senior Loco Pilot', '9000000105', 'umesh.tr005@rail.com', 98000.00),
('S106', 'Z001', 'D001', NULL, 'DEPT01', 'Ishant Sharma', 'Senior Loco Pilot', '9000000106', 'ishant.tr006@rail.com', 99000.00),
('S107', 'Z001', 'D001', NULL, 'DEPT01', 'Ravichandran Ashwin', 'Loco Pilot', '9000000107', 'ravi.tr007@rail.com', 82000.00),
('S108', 'Z002', 'D003', NULL, 'DEPT01', 'Ravindra Jadeja', 'Loco Pilot', '9000000108', 'ravindra.tr008@rail.com', 78000.00),
('S109', 'Z003', 'D005', NULL, 'DEPT01', 'Axar Patel', 'Loco Pilot', '9000000109', 'axar.tr009@rail.com', 81000.00),
('S110', 'Z006', 'D011', NULL, 'DEPT01', 'Hardik Pandya', 'Loco Pilot', '9000000110', 'hardik.tr010@rail.com', 74000.00),
('S111', 'Z009', 'D017', NULL, 'DEPT01', 'Krunal Pandya', 'Loco Pilot', '9000000111', 'krunal.tr011@rail.com', 72000.00),
('S112', 'Z004', 'D007', NULL, 'DEPT01', 'Washington Sundar', 'Loco Pilot', '9000000112', 'washington.tr012@rail.com', 75000.00),
('S113', 'Z002', 'D003', NULL, 'DEPT01', 'Rahul Chahar', 'Assistant Loco Pilot', '9000000113', 'rahulc.tr013@rail.com', 55000.00),
('S114', 'Z003', 'D005', NULL, 'DEPT01', 'Yuzvendra Chahal', 'Assistant Loco Pilot', '9000000114', 'yuzvendra.tr014@rail.com', 52000.00),
('S115', 'Z006', 'D011', NULL, 'DEPT01', 'Kuldeep Yadav', 'Loco Pilot', '9000000115', 'kuldeep.tr015@rail.com', 68000.00),
('S116', 'Z003', 'D025', NULL, 'DEPT01', 'Navdeep Saini', 'Loco Pilot', '9000000116', 'navdeep.tr016@rail.com', 71000.00),
('S117', 'Z002', 'D021', NULL, 'DEPT01', 'Shardul Thakur', 'Loco Pilot', '9000000117', 'shardul.tr017@rail.com', 66000.00),
('S118', 'Z009', 'D044', NULL, 'DEPT01', 'Mohammed Shami', 'Senior Loco Pilot', '9000000118', 'mohammed.tr018@rail.com', 90000.00),
('S119', 'Z006', 'D035', NULL, 'DEPT01', 'Mohammed Siraj', 'Loco Pilot', '9000000119', 'siraj.tr019@rail.com', 84000.00),
('S120', 'Z005', 'D032', NULL, 'DEPT01', 'T Natarajan', 'Loco Pilot', '9000000120', 'natarajan.tr020@rail.com', 83000.00),
('S121', 'Z004', 'D030', NULL, 'DEPT01', 'Deepak Chahar', 'Loco Pilot', '9000000121', 'deepak.tr021@rail.com', 79000.00),
('S122', 'Z004', 'D046', NULL, 'DEPT01', 'Bhuvneshwar Kumar', 'Loco Pilot', '9000000122', 'bhuvneshwar.tr022@rail.com', 77000.00),
('S123', 'Z007', 'D013', NULL, 'DEPT01', 'Prithvi Shaw', 'Assistant Loco Pilot', '9000000123', 'prithvi.tr023@rail.com', 51000.00),
('S124', 'Z006', 'D048', NULL, 'DEPT01', 'Shubman Gill', 'Assistant Loco Pilot', '9000000124', 'shubman.tr024@rail.com', 53000.00),
('S125', 'Z001', 'D050', NULL, 'DEPT01', 'Mayank Agarwal', 'Assistant Loco Pilot', '9000000125', 'mayank.tr025@rail.com', 54000.00),
('S126', 'Z005', 'D034', NULL, 'DEPT01', 'Cheteshwar Pujara', 'Senior Loco Pilot', '9000000126', 'cheteshwar.tr026@rail.com', 96000.00),
('S127', 'Z006', 'D036', NULL, 'DEPT01', 'Ajinkya Rahane', 'Loco Pilot', '9000000127', 'ajinkya.tr027@rail.com', 89000.00),
('S128', 'Z008', 'D042', NULL, 'DEPT01', 'Hanuma Vihari', 'Senior Loco Pilot', '9000000128', 'hanuma.tr028@rail.com', 97000.00),
('S129', 'Z007', 'D039', NULL, 'DEPT01', 'Rishabh Pant', 'Loco Pilot', '9000000129', 'rishabh.tr029@rail.com', 80000.00),
('S130', 'Z008', 'D041', NULL, 'DEPT01', 'Wriddhiman Saha', 'Loco Pilot', '9000000130', 'wriddhiman.tr030@rail.com', 82000.00),
('S131', 'Z004', 'D031', NULL, 'DEPT01', 'KL Rahul', 'Loco Pilot', '9000000131', 'rahul.tr031@rail.com', 85000.00),
('S132', 'Z002', 'D022', NULL, 'DEPT01', 'Shreyas Iyer', 'Loco Pilot', '9000000132', 'shreyas.tr032@rail.com', 86000.00),
('S133', 'Z008', 'D016', NULL, 'DEPT01', 'Manish Pandey', 'Senior Loco Pilot', '9000000133', 'manish.tr033@rail.com', 93000.00),
('S134', 'Z006', 'D048', NULL, 'DEPT01', 'Sanju Samson', 'Loco Pilot', '9000000134', 'sanju.tr034@rail.com', 79000.00),
('S135', 'Z004', 'D007', NULL, 'DEPT01', 'Ishan Kishan', 'Loco Pilot', '9000000135', 'ishan.tr035@rail.com', 88000.00),
('S136', 'Z001', 'D001', NULL, 'DEPT05', 'Arjun Mehta', 'Senior Guard', '9000000136', 'arjun.tr001@rail.com', 72000.00),
('S137', 'Z001', 'D001', NULL, 'DEPT05', 'Vikram Rathore', 'Senior Guard', '9000000137', 'vikram.tr002@rail.com', 71000.00),
('S138', 'Z002', 'D003', NULL, 'DEPT05', 'Sanjay Dutt', 'Senior Guard', '9000000138', 'sanjay.tr003@rail.com', 70000.00),
('S139', 'Z003', 'D005', NULL, 'DEPT05', 'Rohan Iyer', 'Guard', '9000000139', 'rohan.tr004@rail.com', 65000.00),
('S140', 'Z004', 'D007', NULL, 'DEPT05', 'Aditya Verma', 'Guard', '9000000140', 'aditya.tr005@rail.com', 64000.00),
('S141', 'Z001', 'D001', NULL, 'DEPT05', 'Ishaan Malhotra', 'Senior Guard', '9000000141', 'ishaan.tr006@rail.com', 74000.00),
('S142', 'Z001', 'D001', NULL, 'DEPT05', 'Kabir Thapar', 'Guard', '9000000142', 'kabir.tr007@rail.com', 62000.00),
('S143', 'Z002', 'D003', NULL, 'DEPT05', 'Sameer Joshi', 'Guard', '9000000143', 'sameer.tr008@rail.com', 61000.00),
('S144', 'Z003', 'D005', NULL, 'DEPT05', 'Aryan Khan', 'Guard', '9000000144', 'aryan.tr009@rail.com', 60000.00),
('S145', 'Z006', 'D011', NULL, 'DEPT05', 'Rahul Deshmukh', 'Guard', '9000000145', 'rahul.tr010@rail.com', 58000.00),
('S146', 'Z009', 'D017', NULL, 'DEPT05', 'Varun Dhawan', 'Junior Guard', '9000000146', 'varun.tr011@rail.com', 48000.00),
('S147', 'Z004', 'D007', NULL, 'DEPT05', 'Nitin Gupta', 'Guard', '9000000147', 'nitin.tr012@rail.com', 55000.00),
('S148', 'Z002', 'D003', NULL, 'DEPT05', 'Akash Sharma', 'Senior Guard', '9000000148', 'akash.tr013@rail.com', 68000.00),
('S149', 'Z003', 'D005', NULL, 'DEPT05', 'Deepak Chaurasia', 'Junior Guard', '9000000149', 'deepak.tr014@rail.com', 47000.00),
('S150', 'Z006', 'D011', NULL, 'DEPT05', 'Manish Pandey', 'Guard', '9000000150', 'manish.tr015@rail.com', 56000.00),
('S151', 'Z003', 'D025', NULL, 'DEPT05', 'Kunal Kapoor', 'Junior Guard', '9000000151', 'kunal.tr016@rail.com', 45000.00),
('S152', 'Z002', 'D021', NULL, 'DEPT05', 'Vijay Raaz', 'Guard', '9000000152', 'vijay.tr017@rail.com', 54000.00),
('S153', 'Z009', 'D044', NULL, 'DEPT05', 'Siddharth Roy', 'Senior Guard', '9000000153', 'siddharth.tr018@rail.com', 69000.00),
('S154', 'Z006', 'D035', NULL, 'DEPT05', 'Yashvardhan Singh', 'Guard', '9000000154', 'yash.tr019@rail.com', 57000.00),
('S155', 'Z005', 'D032', NULL, 'DEPT05', 'Anand Kulkarni', 'Senior Guard', '9000000155', 'anand.tr020@rail.com', 68000.00),
('S156', 'Z004', 'D030', NULL, 'DEPT05', 'Lokesh Rahul', 'Junior Guard', '9000000156', 'lokesh.tr021@rail.com', 46000.00),
('S157', 'Z004', 'D046', NULL, 'DEPT05', 'Vivek Oberoi', 'Guard', '9000000157', 'vivek.tr022@rail.com', 53000.00),
('S158', 'Z007', 'D013', NULL, 'DEPT05', 'Pranav Mistry', 'Junior Guard', '9000000158', 'pranav.tr023@rail.com', 45000.00),
('S159', 'Z006', 'D048', NULL, 'DEPT05', 'Tushar Gandhi', 'Junior Guard', '9000000159', 'tushar.tr024@rail.com', 45000.00),
('S160', 'Z001', 'D050', NULL, 'DEPT05', 'Devansh Saxena', 'Guard', '9000000160', 'devansh.tr025@rail.com', 55000.00),
('S161', 'Z005', 'D034', NULL, 'DEPT05', 'Rishi Kapoor', 'Senior Guard', '9000000161', 'rishi.tr026@rail.com', 75000.00),
('S162', 'Z006', 'D036', NULL, 'DEPT05', 'Farhan Akhtar', 'Senior Guard', '9000000162', 'farhan.tr027@rail.com', 73000.00),
('S163', 'Z008', 'D042', NULL, 'DEPT05', 'Tarun Khanna', 'Senior Guard', '9000000163', 'tarun.tr028@rail.com', 72000.00),
('S164', 'Z007', 'D039', NULL, 'DEPT05', 'Sanjana Reddy', 'Guard', '9000000164', 'sanjana.tr029@rail.com', 59000.00),
('S165', 'Z008', 'D041', NULL, 'DEPT05', 'Megha Shrivastava', 'Junior Guard', '9000000165', 'megha.tr030@rail.com', 46000.00),
('S166', 'Z004', 'D031', NULL, 'DEPT05', 'Jaideep Ahlawat', 'Guard', '9000000166', 'jaideep.tr031@rail.com', 58000.00),
('S167', 'Z002', 'D022', NULL, 'DEPT05', 'Riya Sen', 'Guard', '9000000167', 'riya.tr032@rail.com', 58000.00),
('S168', 'Z008', 'D016', NULL, 'DEPT05', 'Karan Johar', 'Senior Guard', '9000000168', 'karan.tr033@rail.com', 70000.00),
('S169', 'Z006', 'D048', NULL, 'DEPT05', 'Zoya Akhtar', 'Guard', '9000000169', 'zoya.tr034@rail.com', 55000.00),
('S170', 'Z004', 'D007', NULL, 'DEPT05', 'Bharat Singh', 'Junior Guard', '9000000170', 'bharat.tr035@rail.com', 45000.00),
('S171', 'Z001', 'D001', NULL, 'DEPT01', 'Abhishek Varma', 'Chief Operations Manager', '9000000171', 'abhishek.ops@rail.com', 150000.00),
('S172', 'Z002', 'D003', NULL, 'DEPT02', 'Girish Karnad', 'Chief Engineer', '9000000172', 'girish.eng@rail.com', 145000.00),
('S173', 'Z003', 'D005', NULL, 'DEPT06', 'Radhika Apte', 'Financial Advisor', '9000000173', 'radhika.fin@rail.com', 148000.00),
('S174', 'Z004', 'D007', NULL, 'DEPT04', 'Rajeshwari Sachdev', 'Chief Mechanical Engineer', '9000000174', 'rajeshwari.mech@rail.com', 110000.00),
('S175', 'Z005', 'D009', NULL, 'DEPT08', 'Dr. Alok Nath', 'Chief Medical Director', '9000000175', 'alok.med@rail.com', 135000.00),
('S176', 'Z001', 'D001', 'ST001', 'DEPT02', 'Pallavi Joshi', 'Senior Section Engineer', '9000000176', 'pallavi.eng@rail.com', 85000.00),
('S177', 'Z001', 'D001', NULL, 'DEPT04', 'Renuka Shahane', 'Maintenance Supervisor', '9000000177', 'renuka.maint@rail.com', 72000.00),
('S178', 'Z001', 'D001', NULL, 'DEPT04', 'Mohnish Bahl', 'Loco Inspector', '9000000178', 'mohnish.loco@rail.com', 75000.00),
('S179', 'Z002', 'D004', 'ST006', 'DEPT07', 'Swapnil Joshi', 'IT Administrator', '9000000179', 'swapnil.it@rail.com', 68000.00),
('S180', 'Z006', 'D011', 'ST016', 'DEPT02', 'Supriya Pilgaonkar', 'Track Maintainer', '9000000180', 'supriya.track@rail.com', 42000.00),
('S181', 'Z009', 'D017', 'ST022', 'DEPT02', 'Sachin Khedekar', 'Signal Engineer', '9000000181', 'sachin.sig@rail.com', 88000.00),
('S182', 'Z004', 'D007', NULL, 'DEPT07', 'Sonali Kulkarni', 'Network Engineer', '9000000182', 'sonali.it@rail.com', 58000.00),
('S183', 'Z003', 'D005', NULL, 'DEPT04', 'Shreyas Talpade', 'Coach Technician', '9000000183', 'shreyas.tech@rail.com', 45000.00),
('S184', 'Z005', 'D032', NULL, 'DEPT05', 'Ashutosh Rana', 'Security Commissioner', '9000000184', 'ashutosh.sec@rail.com', 120000.00),
('S185', 'Z001', 'D050', 'ST100', 'DEPT10', 'Milind Soman', 'Catering Manager', '9000000185', 'milind.food@rail.com', 52000.00),
('S186', 'Z002', 'D021', 'ST041', 'DEPT07', 'Makarand Deshpande', 'System Analyst', '9000000186', 'makarand.it@rail.com', 78000.00),
('S187', 'Z006', 'D048', 'ST076', 'DEPT09', 'Dilip Joshi', 'HR Assistant', '9000000187', 'dilip.hr@rail.com', 38000.00),
('S188', 'Z006', 'D048', NULL, 'DEPT09', 'Shailesh Lodha', 'Admin Officer', '9000000188', 'shailesh.admin@rail.com', 55000.00),
('S189', 'Z008', 'D042', 'ST083', 'DEPT08', 'Dr. Amit Trivedi', 'Senior Surgeon', '9000000189', 'amit.med@rail.com', 140000.00),
('S190', 'Z008', 'D042', 'ST084', 'DEPT08', 'Dr. Neha Kakkar', 'Medical Officer', '9000000190', 'neha.med@rail.com', 95000.00),
('S191', 'Z004', 'D031', 'ST061', 'DEPT03', 'Arijit Singh', 'Booking Supervisor', '9000000191', 'arijit.book@rail.com', 56000.00),
('S192', 'Z003', 'D027', 'ST053', 'DEPT02', 'Vishal Dadlani', 'Junior Engineer', '9000000192', 'vishal.eng@rail.com', 48000.00),
('S193', 'Z002', 'D022', 'ST043', 'DEPT10', 'Shekhar Ravjiani', 'Pantry Manager', '9000000193', 'shekhar.food@rail.com', 49000.00),
('S194', 'Z007', 'D039', 'ST077', 'DEPT05', 'Sonu Nigam', 'RPF Sub-Inspector', '9000000194', 'sonu.rpf@rail.com', 62000.00),
('S195', 'Z006', 'D049', 'ST097', 'DEPT06', 'Shaan Mukherjee', 'Senior Auditor', '9000000195', 'shaan.acc@rail.com', 92000.00),
('S196', 'Z010', 'D019', 'ST024', 'DEPT02', 'Kailash Kher', 'Khalasi', '9000000196', 'kailash.tech@rail.com', 35000.00),
('S197', 'Z008', 'D016', 'ST021', 'DEPT04', 'Javed Ali', 'Fitter', '9000000197', 'javed.mech@rail.com', 36000.00),
('S198', 'Z004', 'D007', 'ST010', 'DEPT07', 'Mohit Chauhan', 'Desktop Support', '9000000198', 'mohit.it@rail.com', 40000.00),
('S199', 'Z001', 'D001', 'ST001', 'DEPT09', 'KK Menon', 'Office Assistant', '9000000199', 'kk.hr@rail.com', 35000.00),
('S200', 'Z001', 'D001', 'ST001', 'DEPT08', 'Udit Narayan', 'Hospital Attendant', '9000000200', 'udit.med@rail.com', 35000.00),
('S201', 'Z001', 'D002', 'ST003', 'DEPT02', 'Rahul Sharma', 'Track Maintainer', '9000000201', 'rahul.track@rail.com', 42000.00),
('S202', 'Z002', 'D004', 'ST007', 'DEPT02', 'Amit Kumar', 'Track Maintainer', '9000000202', 'amit.track@rail.com', 42000.00),
('S203', 'Z003', 'D006', 'ST012', 'DEPT02', 'Ramesh Singh', 'Track Maintainer', '9000000203', 'ramesh.track@rail.com', 42000.00),
('S204', 'Z004', 'D008', 'ST015', 'DEPT02', 'Suresh Patel', 'Track Maintainer', '9000000204', 'suresh.track@rail.com', 42000.00),
('S205', 'Z005', 'D010', 'ST018', 'DEPT02', 'Vikram Yadav', 'Track Maintainer', '9000000205', 'vikram.track@rail.com', 42000.00),
('S206', 'Z006', 'D012', 'ST020', 'DEPT02', 'Ravi Verma', 'Track Maintainer', '9000000206', 'ravi.track@rail.com', 42000.00),
('S207', 'Z007', 'D014', 'ST025', 'DEPT02', 'Manoj Tiwari', 'Track Maintainer', '9000000207', 'manoj.track@rail.com', 42000.00),
('S208', 'Z008', 'D016', 'ST028', 'DEPT02', 'Sanjay Gupta', 'Track Maintainer', '9000000208', 'sanjay.track@rail.com', 42000.00),
('S209', 'Z009', 'D018', 'ST030', 'DEPT02', 'Deepak Chahar', 'Track Maintainer', '9000000209', 'deepak.track@rail.com', 42000.00),
('S210', 'Z010', 'D020', 'ST035', 'DEPT02', 'Anil Das', 'Track Maintainer', '9000000210', 'anil.track@rail.com', 42000.00),
('S211', 'Z001', 'D001', 'ST002', 'DEPT04', 'Rohit Sharma', 'Fitter', '9000000211', 'rohit.mech@rail.com', 36000.00),
('S212', 'Z002', 'D003', 'ST005', 'DEPT04', 'Virat Kohli', 'Fitter', '9000000212', 'virat.mech@rail.com', 36000.00),
('S213', 'Z003', 'D005', 'ST011', 'DEPT04', 'Shikhar Dhawan', 'Fitter', '9000000213', 'shikhar.mech@rail.com', 36000.00),
('S214', 'Z004', 'D007', 'ST014', 'DEPT04', 'KL Rahul', 'Fitter', '9000000214', 'rahul.mech@rail.com', 36000.00),
('S215', 'Z005', 'D009', 'ST019', 'DEPT04', 'Hardik Pandya', 'Fitter', '9000000215', 'hardik.mech@rail.com', 36000.00),
('S216', 'Z006', 'D011', 'ST021', 'DEPT04', 'Rishabh Pant', 'Fitter', '9000000216', 'rishabh.mech@rail.com', 36000.00),
('S217', 'Z007', 'D013', 'ST024', 'DEPT04', 'Jasprit Bumrah', 'Fitter', '9000000217', 'jasprit.mech@rail.com', 36000.00),
('S218', 'Z008', 'D015', 'ST027', 'DEPT04', 'Mohammed Shami', 'Fitter', '9000000218', 'mohammed.mech@rail.com', 36000.00),
('S219', 'Z009', 'D017', 'ST031', 'DEPT04', 'Ravindra Jadeja', 'Fitter', '9000000219', 'ravindra.mech@rail.com', 36000.00),
('S220', 'Z010', 'D019', 'ST036', 'DEPT04', 'Kuldeep Yadav', 'Fitter', '9000000220', 'kuldeep.mech@rail.com', 36000.00),
('S221', 'Z001', 'D002', 'ST004', 'DEPT04', 'Smriti Mandhana', 'Loco Pilot', '9000000221', 'smriti.loco@rail.com', 65000.00),
('S222', 'Z002', 'D004', 'ST008', 'DEPT04', 'Harmanpreet Kaur', 'Loco Pilot', '9000000222', 'harman.loco@rail.com', 65000.00),
('S223', 'Z003', 'D006', 'ST013', 'DEPT04', 'Mithali Raj', 'Loco Pilot', '9000000223', 'mithali.loco@rail.com', 65000.00),
('S224', 'Z004', 'D008', 'ST016', 'DEPT04', 'Jhulan Goswami', 'Assistant Loco Pilot', '9000000224', 'jhulan.loco@rail.com', 48000.00),
('S225', 'Z005', 'D010', 'ST020', 'DEPT04', 'Deepti Sharma', 'Assistant Loco Pilot', '9000000225', 'deepti.loco@rail.com', 48000.00),
('S226', 'Z006', 'D012', 'ST022', 'DEPT04', 'Shafali Verma', 'Assistant Loco Pilot', '9000000226', 'shafali.loco@rail.com', 48000.00),
('S227', 'Z007', 'D014', 'ST026', 'DEPT04', 'Richa Ghosh', 'Loco Pilot', '9000000227', 'richa.loco@rail.com', 65000.00),
('S228', 'Z008', 'D016', 'ST029', 'DEPT04', 'Pooja Vastrakar', 'Assistant Loco Pilot', '9000000228', 'pooja.loco@rail.com', 48000.00),
('S229', 'Z009', 'D018', 'ST032', 'DEPT04', 'Renuka Singh', 'Assistant Loco Pilot', '9000000229', 'renuka.loco@rail.com', 48000.00),
('S230', 'Z010', 'D020', 'ST037', 'DEPT04', 'Sneh Rana', 'Loco Pilot', '9000000230', 'sneh.loco@rail.com', 65000.00),
('S231', 'Z001', 'D022', 'ST042', 'DEPT05', 'PV Sindhu', 'RPF Constable', '9000000231', 'sindhu.rpf@rail.com', 38000.00),
('S232', 'Z002', 'D023', 'ST045', 'DEPT05', 'Saina Nehwal', 'RPF Constable', '9000000232', 'saina.rpf@rail.com', 38000.00),
('S233', 'Z003', 'D025', 'ST048', 'DEPT05', 'Mary Kom', 'RPF Constable', '9000000233', 'mary.rpf@rail.com', 38000.00),
('S234', 'Z004', 'D026', 'ST050', 'DEPT05', 'Mirabai Chanu', 'RPF Constable', '9000000234', 'mirabai.rpf@rail.com', 38000.00),
('S235', 'Z005', 'D028', 'ST054', 'DEPT05', 'Lovlina Borgohain', 'RPF Constable', '9000000235', 'lovlina.rpf@rail.com', 38000.00),
('S236', 'Z006', 'D030', 'ST058', 'DEPT05', 'Vinesh Phogat', 'RPF Constable', '9000000236', 'vinesh.rpf@rail.com', 38000.00),
('S237', 'Z007', 'D033', 'ST062', 'DEPT05', 'Sakshi Malik', 'RPF Constable', '9000000237', 'sakshi.rpf@rail.com', 38000.00),
('S238', 'Z008', 'D035', 'ST066', 'DEPT05', 'Bajrang Punia', 'RPF Constable', '9000000238', 'bajrang.rpf@rail.com', 38000.00),
('S239', 'Z009', 'D036', 'ST070', 'DEPT05', 'Neeraj Chopra', 'RPF Constable', '9000000239', 'neeraj.rpf@rail.com', 38000.00),
('S240', 'Z010', 'D038', 'ST074', 'DEPT05', 'Ravi Dahiya', 'RPF Constable', '9000000240', 'ravi.rpf@rail.com', 38000.00),
('S241', 'Z001', 'D040', 'ST080', 'DEPT03', 'Abhinav Bindra', 'Ticket Examiner', '9000000241', 'abhinav.tck@rail.com', 45000.00),
('S242', 'Z002', 'D041', 'ST082', 'DEPT03', 'Gagan Narang', 'Ticket Examiner', '9000000242', 'gagan.tck@rail.com', 45000.00),
('S243', 'Z003', 'D043', 'ST085', 'DEPT03', 'Rathore Raj', 'Ticket Examiner', '9000000243', 'rathore.tck@rail.com', 45000.00),
('S244', 'Z004', 'D044', 'ST088', 'DEPT03', 'Vijay Kumar', 'Ticket Examiner', '9000000244', 'vijay.tck@rail.com', 45000.00),
('S245', 'Z005', 'D046', 'ST092', 'DEPT03', 'Sushil Kumar', 'Ticket Examiner', '9000000245', 'sushil.tck@rail.com', 45000.00),
('S246', 'Z006', 'D047', 'ST095', 'DEPT03', 'Yogeshwar Dutt', 'Booking Clerk', '9000000246', 'yogeshwar.book@rail.com', 40000.00),
('S247', 'Z007', 'D049', 'ST098', 'DEPT03', 'Karnam Malleswari', 'Booking Clerk', '9000000247', 'karnam.book@rail.com', 40000.00),
('S248', 'Z008', 'D024', 'ST046', 'DEPT03', 'Leander Paes', 'Booking Clerk', '9000000248', 'leander.book@rail.com', 40000.00),
('S249', 'Z009', 'D029', 'ST056', 'DEPT03', 'Mahesh Bhupathi', 'Booking Clerk', '9000000249', 'mahesh.book@rail.com', 40000.00),
('S250', 'Z010', 'D034', 'ST064', 'DEPT03', 'Sania Mirza', 'Booking Clerk', '9000000250', 'sania.book@rail.com', 40000.00),
('S251', 'Z001', 'D037', 'ST072', 'DEPT01', 'Viswanathan Anand', 'Station Master', '9000000251', 'viswanathan.ops@rail.com', 58000.00),
('S252', 'Z002', 'D015', 'ST033', 'DEPT01', 'Koneru Humpy', 'Station Master', '9000000252', 'koneru.ops@rail.com', 58000.00),
('S253', 'Z003', 'D021', 'ST038', 'DEPT01', 'Harika Dronavalli', 'Station Master', '9000000253', 'harika.ops@rail.com', 58000.00),
('S254', 'Z004', 'D028', 'ST044', 'DEPT01', 'Praggnanandhaa R', 'Station Master', '9000000254', 'pragg.ops@rail.com', 58000.00),
('S255', 'Z005', 'D032', 'ST052', 'DEPT01', 'Gukesh D', 'Station Master', '9000000255', 'gukesh.ops@rail.com', 58000.00),
('S256', 'Z006', 'D045', 'ST090', 'DEPT08', 'Sunil Chhetri', 'Staff Nurse', '9000000256', 'sunil.med@rail.com', 48000.00),
('S257', 'Z007', 'D049', 'ST099', 'DEPT08', 'Bhaichung Bhutia', 'Staff Nurse', '9000000257', 'bhaichung.med@rail.com', 48000.00),
('S258', 'Z008', 'D011', 'ST023', 'DEPT08', 'Gurpreet Singh', 'Staff Nurse', '9000000258', 'gurpreet.med@rail.com', 48000.00),
('S259', 'Z009', 'D019', 'ST034', 'DEPT08', 'Sandesh Jhingan', 'Pharmacist', '9000000259', 'sandesh.med@rail.com', 45000.00),
('S260', 'Z010', 'D027', 'ST049', 'DEPT08', 'Jeje Lalpekhlua', 'Pharmacist', '9000000260', 'jeje.med@rail.com', 45000.00),
('S261', 'Z001', 'D008', 'ST017', 'DEPT02', 'Pankaj Advani', 'Junior Engineer', '9000000261', 'pankaj.eng@rail.com', 48000.00),
('S262', 'Z002', 'D016', 'ST029', 'DEPT02', 'Geet Sethi', 'Junior Engineer', '9000000262', 'geet.eng@rail.com', 48000.00),
('S263', 'Z003', 'D024', 'ST047', 'DEPT02', 'Michael Ferreira', 'Junior Engineer', '9000000263', 'michael.eng@rail.com', 48000.00),
('S264', 'Z004', 'D032', 'ST055', 'DEPT02', 'Aditya Mehta', 'Junior Engineer', '9000000264', 'aditya.eng@rail.com', 48000.00),
('S265', 'Z005', 'D040', 'ST081', 'DEPT02', 'Saurav Ghosal', 'Junior Engineer', '9000000265', 'saurav.eng@rail.com', 48000.00),
('S266', 'Z006', 'D048', NULL, 'DEPT09', 'Joshna Chinappa', 'HR Clerk', '9000000266', 'joshna.hr@rail.com', 35000.00),
('S267', 'Z007', 'D030', NULL, 'DEPT09', 'Dipika Pallikal', 'HR Clerk', '9000000267', 'dipika.hr@rail.com', 35000.00),
('S268', 'Z008', 'D022', NULL, 'DEPT06', 'Sharath Kamal', 'Accounts Assistant', '9000000268', 'sharath.acc@rail.com', 42000.00),
('S269', 'Z009', 'D014', NULL, 'DEPT06', 'Manika Batra', 'Accounts Assistant', '9000000269', 'manika.acc@rail.com', 42000.00),
('S270', 'Z010', 'D006', NULL, 'DEPT06', 'Sathiyan G', 'Accounts Assistant', '9000000270', 'sathiyan.acc@rail.com', 42000.00);

-- 13. Ticket_Checker table: Subtype of Staff — one TC per station (S001–S100).
-- fine_log stores the cumulative penalty amount collected by each TC from ticketless
-- passengers. Useful for testing commercial reporting and audit queries.
INSERT INTO ticket_checker (staff_id, station_id, fine_log) VALUES
('S001', 'ST001', 5400.00), 
('S002', 'ST002', 2500.00), 
('S003', 'ST003', 800.00),
('S004', 'ST004', 6700.00), 
('S005', 'ST005', 1200.00), 
('S006', 'ST006', 4300.00),
('S007', 'ST007', 8900.00), 
('S008', 'ST008', 1750.00), 
('S009', 'ST009', 3400.00),
('S010', 'ST010', 9200.00), 
('S011', 'ST011', 4500.00), 
('S012', 'ST012', 3100.00),
('S013', 'ST013', 12000.00), 
('S014', 'ST014', 2200.00), 
('S015', 'ST015', 1100.00),
('S016', 'ST016', 7800.00),  
('S017', 'ST017', 700.00), 
('S018', 'ST018', 2100.00),
('S019', 'ST019', 950.00),  
('S020', 'ST020', 6500.00), 
('S021', 'ST021', 1900.00),
('S022', 'ST022', 4400.00), 
('S023', 'ST023', 600.00), 
('S024', 'ST024', 2800.00),
('S025', 'ST025', 1500.00), 
('S026', 'ST026', 3300.00), 
('S027', 'ST027', 4100.00),
('S028', 'ST028', 8800.00), 
('S029', 'ST029', 2900.00), 
('S030', 'ST030', 5600.00),
('S031', 'ST031', 3700.00), 
('S032', 'ST032', 1200.00), 
('S033', 'ST033', 4900.00),
('S034', 'ST034', 2400.00), 
('S035', 'ST035', 8100.00), 
('S036', 'ST036', 3100.00),
('S037', 'ST037', 1800.00), 
('S038', 'ST038', 1400.00), 
('S039', 'ST039', 6600.00),
('S040', 'ST040', 7200.00), 
('S041', 'ST041', 5100.00), 
('S042', 'ST042', 900.00),
('S043', 'ST043', 3800.00), 
('S044', 'ST044', 1500.00), 
('S045', 'ST045', 2100.00),
('S046', 'ST046', 1100.00), 
('S047', 'ST047', 4900.00), 
('S048', 'ST048', 3200.00),
('S049', 'ST049', 6100.00), 
('S050', 'ST050', 2800.00), 
('S051', 'ST051', 1900.00),
('S052', 'ST052', 4300.00), 
('S053', 'ST053', 5500.00), 
('S054', 'ST054', 4100.00),
('S055', 'ST055', 7700.00), 
('S056', 'ST056', 3200.00), 
('S057', 'ST057', 9500.00),
('S058', 'ST058', 1400.00), 
('S059', 'ST059', 2600.00), 
('S060', 'ST060', 1100.00),
('S061', 'ST061', 8800.00), 
('S062', 'ST062', 4200.00), 
('S063', 'ST063', 6300.00),
('S064', 'ST064', 2200.00), 
('S065', 'ST065', 7100.00), 
('S066', 'ST066', 3300.00),
('S067', 'ST067', 5900.00), 
('S068', 'ST068', 2100.00), 
('S069', 'ST069', 9900.00),
('S070', 'ST070', 1800.00), 
('S071', 'ST071', 4500.00), 
('S072', 'ST072', 1200.00),
('S073', 'ST073', 3600.00), 
('S074', 'ST074', 6800.00), 
('S075', 'ST075', 2900.00),
('S076', 'ST076', 1400.00), 
('S077', 'ST077', 3100.00), 
('S078', 'ST078', 2200.00),
('S079', 'ST079', 5700.00), 
('S080', 'ST080', 1900.00), 
('S081', 'ST081', 8400.00),
('S082', 'ST082', 5500.00), 
('S083', 'ST083', 4200.00), 
('S084', 'ST084', 3800.00),
('S085', 'ST085', 2100.00), 
('S086', 'ST086', 3300.00), 
('S087', 'ST087', 6200.00),
('S088', 'ST088', 2900.00), 
('S089', 'ST089', 7500.00), 
('S090', 'ST090', 1100.00),
('S091', 'ST091', 6800.00), 
('S092', 'ST092', 2400.00), 
('S093', 'ST093', 1900.00),
('S094', 'ST094', 1100.00), 
('S095', 'ST095', 3300.00), 
('S096', 'ST096', 2200.00),
('S097', 'ST097', 8100.00), 
('S098', 'ST098', 4500.00), 
('S099', 'ST099', 3900.00),
('S100', 'ST100', 5200.00);

-- 14. Driver table: Links each driver (S101–S135) to their assigned train.
-- driving_license_no follows the zone-lococlass-ID format used internally by IR.
-- This 1:1 mapping with trains is important for the operational safety constraint.
INSERT INTO driver (staff_id, train_id, driving_license_no) VALUES
('S101', 'TR001', 'DL-NR-WAP7-10101'), 
('S102', 'TR002', 'DL-NR-WAP5-10102'),
('S103', 'TR003', 'DL-WR-WAG9-10103'), 
('S104', 'TR004', 'DL-SR-WDM3-10104'),
('S105', 'TR005', 'DL-ER-WAP4-10105'), 
('S106', 'TR006', 'DL-NR-WAP7-10106'),
('S107', 'TR007', 'DL-ECR-WAP7-10107'), 
('S108', 'TR008', 'DL-CR-WDM3-10108'),
('S109', 'TR009', 'DL-SR-WAP7-10109'),  
('S110', 'TR010', 'DL-SCR-WAG9-10110'),
('S111', 'TR011', 'DL-NWR-WAP7-10111'), 
('S112', 'TR012', 'DL-ER-WAP7-10112'),
('S113', 'TR013', 'DL-WR-WAP5-10113'),  
('S114', 'TR014', 'DL-SWR-WDP4-10114'),
('S115', 'TR015', 'DL-NCR-WAP5-10115'), 
('S116', 'TR016', 'DL-SR-WAP7-10116'),
('S117', 'TR017', 'DL-WR-WAP7-10117'),  
('S118', 'TR018', 'DL-NWR-WAP4-10118'),
('S119', 'TR019', 'DL-SCR-WDP4-10119'), 
('S120', 'TR020', 'DL-CR-WAP7-10120'),
('S121', 'TR021', 'DL-ER-WAP7-10121'),  
('S122', 'TR022', 'DL-SER-WAP7-10122'),
('S123', 'TR023', 'DL-NER-WDM3-10123'), 
('S124', 'TR024', 'DL-ECOR-WDM3-10124'),
('S125', 'TR025', 'DL-NR-WAP4-10125'),  
('S126', 'TR026', 'DL-CR-WAP7-10126'),
('S127', 'TR027', 'DL-SCR-WAP7-10127'), 
('S128', 'TR028', 'DL-ECR-WAP7-10128'),
('S129', 'TR029', 'DL-NER-WDM3-10129'), 
('S130', 'TR030', 'DL-SER-WAP7-10130'),
('S131', 'TR031', 'DL-ER-WAP4-10131'),  
('S132', 'TR032', 'DL-WR-WDM3-10132'),
('S133', 'TR033', 'DL-SER-WDM3-10133'), 
('S134', 'TR034', 'DL-ECOR-WDM3-10134'),
('S135', 'TR035', 'DL-ER-WAP4-10135');

-- 15. Guard table: One guard per train (S136–S170), with security clearance levels.
-- Level-3 guards are assigned to high-priority trains like Rajdhani and Shatabdi.
-- Level-1 is for local and passenger services with lower security requirements.
INSERT INTO guard (staff_id, train_id, security_clearance) VALUES
('S136', 'TR001', 'Level-3'), 
('S137', 'TR002', 'Level-3'),
('S138', 'TR003', 'Level-3'), 
('S139', 'TR004', 'Level-2'),
('S140', 'TR005', 'Level-2'), 
('S141', 'TR006', 'Level-3'),
('S142', 'TR007', 'Level-3'), 
('S143', 'TR008', 'Level-2'),
('S144', 'TR009', 'Level-2'), 
('S145', 'TR010', 'Level-2'),
('S146', 'TR011', 'Level-3'), 
('S147', 'TR012', 'Level-2'),
('S148', 'TR013', 'Level-3'), 
('S149', 'TR014', 'Level-2'),
('S150', 'TR015', 'Level-2'), 
('S151', 'TR016', 'Level-3'),
('S152', 'TR017', 'Level-2'), 
('S153', 'TR018', 'Level-1'),
('S154', 'TR019', 'Level-2'), 
('S155', 'TR020', 'Level-2'),
('S156', 'TR021', 'Level-3'), 
('S157', 'TR022', 'Level-3'),
('S158', 'TR023', 'Level-1'), 
('S159', 'TR024', 'Level-2'),
('S160', 'TR025', 'Level-1'), 
('S161', 'TR026', 'Level-2'),
('S162', 'TR027', 'Level-1'), 
('S163', 'TR028', 'Level-2'),
('S164', 'TR029', 'Level-2'), 
('S165', 'TR030', 'Level-2'),
('S166', 'TR031', 'Level-1'), 
('S167', 'TR032', 'Level-2'),
('S168', 'TR033', 'Level-2'), 
('S169', 'TR034', 'Level-1'),
('S170', 'TR035', 'Level-1');

-- 16. Coach table: TR001–TR017 get 10 coaches each; TR018–TR035 get 9 coaches each.
-- Coach types match the class assigned to the train — e.g., Rajdhani gets AC Second,
-- while general/passenger trains get General coaches with a lower fare multiplier.
INSERT INTO coach (train_id, coach_code, coach_type, fare_multiplier, total_seats) VALUES
('TR001', 'A1', 'AC Second', 3.50, 48), 
('TR001', 'A2', 'AC Second', 3.50, 48), 
('TR001', 'A3', 'AC Second', 3.50, 48), 
('TR001', 'A4', 'AC Second', 3.50, 48), 
('TR001', 'A5', 'AC Second', 3.50, 48), 
('TR001', 'A6', 'AC Second', 3.50, 48), 
('TR001', 'A7', 'AC Second', 3.50, 48), 
('TR001', 'A8', 'AC Second', 3.50, 48), 
('TR001', 'A9', 'AC Second', 3.50, 48), 
('TR001', 'A10', 'AC Second', 3.50, 48),
('TR002', 'CC1', 'Chair Car', 2.00, 78), 
('TR002', 'CC2', 'Chair Car', 2.00, 78), 
('TR002', 'CC3', 'Chair Car', 2.00, 78), 
('TR002', 'CC4', 'Chair Car', 2.00, 78), 
('TR002', 'CC5', 'Chair Car', 2.00, 78), 
('TR002', 'CC6', 'Chair Car', 2.00, 78), 
('TR002', 'CC7', 'Chair Car', 2.00, 78), 
('TR002', 'CC8', 'Chair Car', 2.00, 78), 
('TR002', 'EC1', 'Exec Class', 4.00, 56), 
('TR002', 'EC2', 'Exec Class', 4.00, 56),
('TR003', 'B1', 'AC Third', 2.50, 64), 
('TR003', 'B2', 'AC Third', 2.50, 64), 
('TR003', 'B3', 'AC Third', 2.50, 64), 
('TR003', 'B4', 'AC Third', 2.50, 64), 
('TR003', 'B5', 'AC Third', 2.50, 64), 
('TR003', 'B6', 'AC Third', 2.50, 64), 
('TR003', 'B7', 'AC Third', 2.50, 64), 
('TR003', 'B8', 'AC Third', 2.50, 64), 
('TR003', 'B9', 'AC Third', 2.50, 64), 
('TR003', 'B10', 'AC Third', 2.50, 64),
('TR004', 'C1', 'AC Third', 2.50, 64), 
('TR004', 'C2', 'AC Third', 2.50, 64), 
('TR004', 'C3', 'AC Third', 2.50, 64), 
('TR004', 'C4', 'AC Third', 2.50, 64), 
('TR004', 'C5', 'AC Third', 2.50, 64), 
('TR004', 'C6', 'AC Third', 2.50, 64), 
('TR004', 'C7', 'AC Third', 2.50, 64), 
('TR004', 'C8', 'AC Third', 2.50, 64), 
('TR004', 'C9', 'AC Third', 2.50, 64), 
('TR004', 'C10', 'AC Third', 2.50, 64),
('TR005', 'S1', 'Sleeper', 1.00, 72), 
('TR005', 'S2', 'Sleeper', 1.00, 72), 
('TR005', 'S3', 'Sleeper', 1.00, 72), 
('TR005', 'S4', 'Sleeper', 1.00, 72), 
('TR005', 'S5', 'Sleeper', 1.00, 72), 
('TR005', 'S6', 'Sleeper', 1.00, 72), 
('TR005', 'S7', 'Sleeper', 1.00, 72), 
('TR005', 'S8', 'Sleeper', 1.00, 72), 
('TR005', 'S9', 'Sleeper', 1.00, 72), 
('TR005', 'S10', 'Sleeper', 1.00, 72),
('TR006', 'CC1', 'Chair Car', 2.00, 78), 
('TR006', 'CC2', 'Chair Car', 2.00, 78), 
('TR006', 'CC3', 'Chair Car', 2.00, 78), 
('TR006', 'CC4', 'Chair Car', 2.00, 78), 
('TR006', 'CC5', 'Chair Car', 2.00, 78), 
('TR006', 'CC6', 'Chair Car', 2.00, 78), 
('TR006', 'CC7', 'Chair Car', 2.00, 78), 
('TR006', 'CC8', 'Chair Car', 2.00, 78), 
('TR006', 'CC9', 'Chair Car', 2.00, 78), 
('TR006', 'CC10', 'Chair Car', 2.00, 78),
('TR007', 'A1', 'AC Second', 3.50, 48), 
('TR007', 'A2', 'AC Second', 3.50, 48), 
('TR007', 'A3', 'AC Second', 3.50, 48), 
('TR007', 'A4', 'AC Second', 3.50, 48), 
('TR007', 'A5', 'AC Second', 3.50, 48), 
('TR007', 'A6', 'AC Second', 3.50, 48), 
('TR007', 'A7', 'AC Second', 3.50, 48), 
('TR007', 'A8', 'AC Second', 3.50, 48), 
('TR007', 'A9', 'AC Second', 3.50, 48), 
('TR007', 'A10', 'AC Second', 3.50, 48),
('TR008', 'S1', 'Sleeper', 1.00, 72), 
('TR008', 'S2', 'Sleeper', 1.00, 72), 
('TR008', 'S3', 'Sleeper', 1.00, 72), 
('TR008', 'S4', 'Sleeper', 1.00, 72), 
('TR008', 'S5', 'Sleeper', 1.00, 72), 
('TR008', 'S6', 'Sleeper', 1.00, 72), 
('TR008', 'S7', 'Sleeper', 1.00, 72), 
('TR008', 'S8', 'Sleeper', 1.00, 72), 
('TR008', 'S9', 'Sleeper', 1.00, 72), 
('TR008', 'S10', 'Sleeper', 1.00, 72),
('TR009', 'B1', 'AC Third', 2.50, 64), 
('TR009', 'B2', 'AC Third', 2.50, 64), 
('TR009', 'B3', 'AC Third', 2.50, 64), 
('TR009', 'B4', 'AC Third', 2.50, 64), 
('TR009', 'B5', 'AC Third', 2.50, 64), 
('TR009', 'B6', 'AC Third', 2.50, 64), 
('TR009', 'B7', 'AC Third', 2.50, 64), 
('TR009', 'B8', 'AC Third', 2.50, 64), 
('TR009', 'B9', 'AC Third', 2.50, 64), 
('TR009', 'B10', 'AC Third', 2.50, 64),
('TR010', 'B1', 'AC Third', 2.50, 64), 
('TR010', 'B2', 'AC Third', 2.50, 64), 
('TR010', 'B3', 'AC Third', 2.50, 64), 
('TR010', 'B4', 'AC Third', 2.50, 64), 
('TR010', 'B5', 'AC Third', 2.50, 64), 
('TR010', 'B6', 'AC Third', 2.50, 64), 
('TR010', 'B7', 'AC Third', 2.50, 64), 
('TR010', 'B8', 'AC Third', 2.50, 64), 
('TR010', 'B9', 'AC Third', 2.50, 64), 
('TR010', 'B10', 'AC Third', 2.50, 64),
('TR011', 'D1', '2S', 0.90, 100), 
('TR011', 'D2', '2S', 0.90, 100), 
('TR011', 'D3', '2S', 0.90, 100), 
('TR011', 'D4', '2S', 0.90, 100), 
('TR011', 'D5', '2S', 0.90, 100), 
('TR011', 'D6', '2S', 0.90, 100), 
('TR011', 'D7', '2S', 0.90, 100), 
('TR011', 'D8', '2S', 0.90, 100), 
('TR011', 'D9', '2S', 0.90, 100), 
('TR011', 'D10', '2S', 0.90, 100),
('TR012', 'B1', 'AC Third', 2.50, 64), 
('TR012', 'B2', 'AC Third', 2.50, 64), 
('TR012', 'B3', 'AC Third', 2.50, 64), 
('TR012', 'B4', 'AC Third', 2.50, 64), 
('TR012', 'B5', 'AC Third', 2.50, 64), 
('TR012', 'B6', 'AC Third', 2.50, 64), 
('TR012', 'B7', 'AC Third', 2.50, 64), 
('TR012', 'B8', 'AC Third', 2.50, 64), 
('TR012', 'B9', 'AC Third', 2.50, 64), 
('TR012', 'B10', 'AC Third', 2.50, 64),
('TR013', 'CC1', 'Chair Car', 2.00, 78), 
('TR013', 'CC2', 'Chair Car', 2.00, 78), 
('TR013', 'CC3', 'Chair Car', 2.00, 78), 
('TR013', 'CC4', 'Chair Car', 2.00, 78), 
('TR013', 'CC5', 'Chair Car', 2.00, 78), 
('TR013', 'CC6', 'Chair Car', 2.00, 78), 
('TR013', 'CC7', 'Chair Car', 2.00, 78), 
('TR013', 'CC8', 'Chair Car', 2.00, 78), 
('TR013', 'EC1', 'Exec Class', 4.00, 56), 
('TR013', 'EC2', 'Exec Class', 4.00, 56),
('TR014', 'S1', 'Sleeper', 1.00, 72), 
('TR014', 'S2', 'Sleeper', 1.00, 72), 
('TR014', 'S3', 'Sleeper', 1.00, 72), 
('TR014', 'S4', 'Sleeper', 1.00, 72), 
('TR014', 'S5', 'Sleeper', 1.00, 72), 
('TR014', 'S6', 'Sleeper', 1.00, 72), 
('TR014', 'S7', 'Sleeper', 1.00, 72), 
('TR014', 'S8', 'Sleeper', 1.00, 72), 
('TR014', 'S9', 'Sleeper', 1.00, 72), 
('TR014', 'S10', 'Sleeper', 1.00, 72),
('TR015', 'B1', 'AC Third', 2.50, 64), 
('TR015', 'B2', 'AC Third', 2.50, 64), 
('TR015', 'B3', 'AC Third', 2.50, 64), 
('TR015', 'B4', 'AC Third', 2.50, 64), 
('TR015', 'B5', 'AC Third', 2.50, 64), 
('TR015', 'B6', 'AC Third', 2.50, 64), 
('TR015', 'B7', 'AC Third', 2.50, 64), 
('TR015', 'B8', 'AC Third', 2.50, 64), 
('TR015', 'B9', 'AC Third', 2.50, 64), 
('TR015', 'B10', 'AC Third', 2.50, 64),
('TR016', 'S1', 'Sleeper', 1.00, 72), 
('TR016', 'S2', 'Sleeper', 1.00, 72), 
('TR016', 'S3', 'Sleeper', 1.00, 72), 
('TR016', 'S4', 'Sleeper', 1.00, 72), 
('TR016', 'S5', 'Sleeper', 1.00, 72), 
('TR016', 'S6', 'Sleeper', 1.00, 72), 
('TR016', 'S7', 'Sleeper', 1.00, 72), 
('TR016', 'S8', 'Sleeper', 1.00, 72), 
('TR016', 'S9', 'Sleeper', 1.00, 72), 
('TR016', 'S10', 'Sleeper', 1.00, 72),
('TR017', 'S1', 'Sleeper', 1.00, 72), 
('TR017', 'S2', 'Sleeper', 1.00, 72), 
('TR017', 'S3', 'Sleeper', 1.00, 72), 
('TR017', 'S4', 'Sleeper', 1.00, 72), 
('TR017', 'S5', 'Sleeper', 1.00, 72), 
('TR017', 'S6', 'Sleeper', 1.00, 72), 
('TR017', 'S7', 'Sleeper', 1.00, 72), 
('TR017', 'S8', 'Sleeper', 1.00, 72), 
('TR017', 'S9', 'Sleeper', 1.00, 72), 
('TR017', 'S10', 'Sleeper', 1.00, 72),
('TR018', 'G1', 'General', 0.80, 100), 
('TR018', 'G2', 'General', 0.80, 100), 
('TR018', 'G3', 'General', 0.80, 100), 
('TR018', 'G4', 'General', 0.80, 100), 
('TR018', 'G5', 'General', 0.80, 100), 
('TR018', 'G6', 'General', 0.80, 100), 
('TR018', 'G7', 'General', 0.80, 100), 
('TR018', 'G8', 'General', 0.80, 100), 
('TR018', 'G9', 'General', 0.80, 100),
('TR019', 'D1', '2S', 0.90, 100), 
('TR019', 'D2', '2S', 0.90, 100), 
('TR019', 'D3', '2S', 0.90, 100), 
('TR019', 'D4', '2S', 0.90, 100), 
('TR019', 'D5', '2S', 0.90, 100), 
('TR019', 'D6', '2S', 0.90, 100), 
('TR019', 'D7', '2S', 0.90, 100), 
('TR019', 'D8', '2S', 0.90, 100), 
('TR019', 'D9', '2S', 0.90, 100),
('TR020', 'S1', 'Sleeper', 1.00, 72), 
('TR020', 'S2', 'Sleeper', 1.00, 72), 
('TR020', 'S3', 'Sleeper', 1.00, 72), 
('TR020', 'S4', 'Sleeper', 1.00, 72), 
('TR020', 'S5', 'Sleeper', 1.00, 72), 
('TR020', 'S6', 'Sleeper', 1.00, 72), 
('TR020', 'S7', 'Sleeper', 1.00, 72), 
('TR020', 'S8', 'Sleeper', 1.00, 72), 
('TR020', 'S9', 'Sleeper', 1.00, 72),
('TR021', 'S1', 'Sleeper', 1.00, 72), 
('TR021', 'S2', 'Sleeper', 1.00, 72), 
('TR021', 'S3', 'Sleeper', 1.00, 72), 
('TR021', 'S4', 'Sleeper', 1.00, 72), 
('TR021', 'S5', 'Sleeper', 1.00, 72), 
('TR021', 'S6', 'Sleeper', 1.00, 72), 
('TR021', 'S7', 'Sleeper', 1.00, 72), 
('TR021', 'S8', 'Sleeper', 1.00, 72), 
('TR021', 'S9', 'Sleeper', 1.00, 72),
('TR022', 'CC1', 'Chair Car', 2.00, 78), 
('TR022', 'CC2', 'Chair Car', 2.00, 78), 
('TR022', 'CC3', 'Chair Car', 2.00, 78), 
('TR022', 'CC4', 'Chair Car', 2.00, 78), 
('TR022', 'CC5', 'Chair Car', 2.00, 78), 
('TR022', 'CC6', 'Chair Car', 2.00, 78), 
('TR022', 'CC7', 'Chair Car', 2.00, 78), 
('TR022', 'EC1', 'Exec Class', 4.00, 56), 
('TR022', 'EC2', 'Exec Class', 4.00, 56),
('TR023', 'G1', 'General', 0.80, 100), 
('TR023', 'G2', 'General', 0.80, 100), 
('TR023', 'G3', 'General', 0.80, 100), 
('TR023', 'G4', 'General', 0.80, 100), 
('TR023', 'G5', 'General', 0.80, 100), 
('TR023', 'G6', 'General', 0.80, 100), 
('TR023', 'G7', 'General', 0.80, 100), 
('TR023', 'G8', 'General', 0.80, 100), 
('TR023', 'G9', 'General', 0.80, 100),
('TR024', 'D1', '2S', 0.90, 100), 
('TR024', 'D2', '2S', 0.90, 100), 
('TR024', 'D3', '2S', 0.90, 100), 
('TR024', 'D4', '2S', 0.90, 100), 
('TR024', 'D5', '2S', 0.90, 100), 
('TR024', 'D6', '2S', 0.90, 100), 
('TR024', 'D7', '2S', 0.90, 100), 
('TR024', 'D8', '2S', 0.90, 100), 
('TR024', 'D9', '2S', 0.90, 100),
('TR025', 'G1', 'General', 0.80, 100), 
('TR025', 'G2', 'General', 0.80, 100), 
('TR025', 'G3', 'General', 0.80, 100), 
('TR025', 'G4', 'General', 0.80, 100), 
('TR025', 'G5', 'General', 0.80, 100), 
('TR025', 'G6', 'General', 0.80, 100), 
('TR025', 'G7', 'General', 0.80, 100), 
('TR025', 'G8', 'General', 0.80, 100), 
('TR025', 'G9', 'General', 0.80, 100),
('TR026', 'S1', 'Sleeper', 1.00, 72), 
('TR026', 'S2', 'Sleeper', 1.00, 72), 
('TR026', 'S3', 'Sleeper', 1.00, 72), 
('TR026', 'S4', 'Sleeper', 1.00, 72), 
('TR026', 'S5', 'Sleeper', 1.00, 72), 
('TR026', 'S6', 'Sleeper', 1.00, 72), 
('TR026', 'S7', 'Sleeper', 1.00, 72), 
('TR026', 'S8', 'Sleeper', 1.00, 72), 
('TR026', 'S9', 'Sleeper', 1.00, 72),
('TR027', 'G1', 'General', 0.80, 100), 
('TR027', 'G2', 'General', 0.80, 100), 
('TR027', 'G3', 'General', 0.80, 100), 
('TR027', 'G4', 'General', 0.80, 100), 
('TR027', 'G5', 'General', 0.80, 100), 
('TR027', 'G6', 'General', 0.80, 100), 
('TR027', 'G7', 'General', 0.80, 100), 
('TR027', 'G8', 'General', 0.80, 100), 
('TR027', 'G9', 'General', 0.80, 100),
('TR028', 'D1', '2S', 0.90, 100), 
('TR028', 'D2', '2S', 0.90, 100), 
('TR028', 'D3', '2S', 0.90, 100), 
('TR028', 'D4', '2S', 0.90, 100), 
('TR028', 'D5', '2S', 0.90, 100), 
('TR028', 'D6', '2S', 0.90, 100), 
('TR028', 'D7', '2S', 0.90, 100), 
('TR028', 'D8', '2S', 0.90, 100), 
('TR028', 'D9', '2S', 0.90, 100),
('TR029', 'S1', 'Sleeper', 1.00, 72), 
('TR029', 'S2', 'Sleeper', 1.00, 72), 
('TR029', 'S3', 'Sleeper', 1.00, 72), 
('TR029', 'S4', 'Sleeper', 1.00, 72), 
('TR029', 'S5', 'Sleeper', 1.00, 72), 
('TR029', 'S6', 'Sleeper', 1.00, 72), 
('TR029', 'S7', 'Sleeper', 1.00, 72), 
('TR029', 'S8', 'Sleeper', 1.00, 72), 
('TR029', 'S9', 'Sleeper', 1.00, 72),
('TR030', 'B1', 'AC Third', 2.50, 64), 
('TR030', 'B2', 'AC Third', 2.50, 64), 
('TR030', 'B3', 'AC Third', 2.50, 64), 
('TR030', 'B4', 'AC Third', 2.50, 64), 
('TR030', 'B5', 'AC Third', 2.50, 64), 
('TR030', 'B6', 'AC Third', 2.50, 64), 
('TR030', 'B7', 'AC Third', 2.50, 64), 
('TR030', 'B8', 'AC Third', 2.50, 64), 
('TR030', 'B9', 'AC Third', 2.50, 64),
('TR031', 'G1', 'General', 0.80, 100), 
('TR031', 'G2', 'General', 0.80, 100), 
('TR031', 'G3', 'General', 0.80, 100), 
('TR031', 'G4', 'General', 0.80, 100), 
('TR031', 'G5', 'General', 0.80, 100), 
('TR031', 'G6', 'General', 0.80, 100), 
('TR031', 'G7', 'General', 0.80, 100), 
('TR031', 'G8', 'General', 0.80, 100), 
('TR031', 'G9', 'General', 0.80, 100),
('TR032', 'S1', 'Sleeper', 1.00, 72), 
('TR032', 'S2', 'Sleeper', 1.00, 72), 
('TR032', 'S3', 'Sleeper', 1.00, 72), 
('TR032', 'S4', 'Sleeper', 1.00, 72), 
('TR032', 'S5', 'Sleeper', 1.00, 72), 
('TR032', 'S6', 'Sleeper', 1.00, 72), 
('TR032', 'S7', 'Sleeper', 1.00, 72), 
('TR032', 'S8', 'Sleeper', 1.00, 72), 
('TR032', 'S9', 'Sleeper', 1.00, 72),
('TR033', 'D1', '2S', 0.90, 100), 
('TR033', 'D2', '2S', 0.90, 100), 
('TR033', 'D3', '2S', 0.90, 100), 
('TR033', 'D4', '2S', 0.90, 100), 
('TR033', 'D5', '2S', 0.90, 100), 
('TR033', 'D6', '2S', 0.90, 100), 
('TR033', 'D7', '2S', 0.90, 100), 
('TR033', 'D8', '2S', 0.90, 100), 
('TR033', 'D9', '2S', 0.90, 100),
('TR034', 'G1', 'General', 0.80, 100), 
('TR034', 'G2', 'General', 0.80, 100), 
('TR034', 'G3', 'General', 0.80, 100), 
('TR034', 'G4', 'General', 0.80, 100), 
('TR034', 'G5', 'General', 0.80, 100), 
('TR034', 'G6', 'General', 0.80, 100), 
('TR034', 'G7', 'General', 0.80, 100), 
('TR034', 'G8', 'General', 0.80, 100), 
('TR034', 'G9', 'General', 0.80, 100),
('TR035', 'G1', 'General', 0.80, 100), 
('TR035', 'G2', 'General', 0.80, 100), 
('TR035', 'G3', 'General', 0.80, 100), 
('TR035', 'G4', 'General', 0.80, 100), 
('TR035', 'G5', 'General', 0.80, 100), 
('TR035', 'G6', 'General', 0.80, 100), 
('TR035', 'G7', 'General', 0.80, 100), 
('TR035', 'G8', 'General', 0.80, 100), 
('TR035', 'G9', 'General', 0.80, 100);

-- 17. Seat table: Generated using a recursive CTE instead of manual inserts.
-- Iterates over all coaches and assigns berth types based on coach type and seat position.
-- This produces thousands of rows automatically — much more efficient than inserting each one.
INSERT INTO seat 
(train_id, coach_code, seat_number, berth_type)
WITH RECURSIVE seat_numbers AS (
    SELECT 1 AS n
    UNION ALL
    SELECT n + 1 FROM seat_numbers WHERE n < 100
)
SELECT
    c.train_id,
    c.coach_code,
    s.n AS seat_number,
    CASE
        -- 8 Seats per bay
        WHEN c.coach_type IN ('Sleeper', 'AC Third') THEN
            CASE ((s.n - 1) % 8) + 1
                WHEN 1 THEN 'Lower'      WHEN 4 THEN 'Lower'
                WHEN 2 THEN 'Middle'     WHEN 5 THEN 'Middle'
                WHEN 3 THEN 'Upper'      WHEN 6 THEN 'Upper'
                WHEN 7 THEN 'Side Lower'
                WHEN 8 THEN 'Side Upper'
            END
        -- 6 Seats per bay
        WHEN c.coach_type = 'AC Second' THEN
            CASE ((s.n - 1) % 6) + 1
                WHEN 1 THEN 'Lower'      WHEN 3 THEN 'Lower'
                WHEN 2 THEN 'Upper'      WHEN 4 THEN 'Upper'
                WHEN 5 THEN 'Side Lower'
                WHEN 6 THEN 'Side Upper'
            END
        -- 4 Seats per row
        WHEN c.coach_type = 'Exec Class' THEN
            CASE ((s.n - 1) % 4) + 1
                WHEN 1 THEN 'Window'     WHEN 4 THEN 'Window'
                ELSE 'Aisle'
            END
        -- 5 Seats per row
        WHEN c.coach_type = 'Chair Car' THEN
            CASE ((s.n - 1) % 5) + 1
                WHEN 1 THEN 'Window'     WHEN 5 THEN 'Window'
                WHEN 2 THEN 'Middle'
                ELSE 'Aisle'
            END
        -- 6 Seats per row (General and 2S)
        ELSE
            CASE ((s.n - 1) % 6) + 1
                WHEN 1 THEN 'Window'     WHEN 6 THEN 'Window'
                WHEN 2 THEN 'Middle'     WHEN 5 THEN 'Middle'
                ELSE 'Aisle'
            END
    END AS berth_type
FROM coach c
CROSS JOIN seat_numbers s
WHERE s.n <= c.total_seats;

-- 18. Maintenance_Record table: One record per train (MR001–MR035) covering various
-- maintenance types — overhauls, brake replacements, AC servicing, etc.
-- "In Progress" records represent trains currently in the workshop, which should
-- block new schedule assignments in a fully constrained system.
INSERT INTO maintenance_record (maintenance_id, train_id, maintenance_date, maintenance_type, description, maintenance_status) VALUES
('MR001', 'TR001', CURRENT_DATE - INTERVAL '15 days', 'Periodic Overhaul', 'Complete bogie and brake inspection.', 'Completed'),
('MR002', 'TR002', CURRENT_DATE - INTERVAL '12 days', 'Scheduled Inspection', 'Routine safety check.', 'Completed'),
('MR003', 'TR003', CURRENT_DATE - INTERVAL '10 days', 'Motor Replacement', 'Traction motor repair.', 'Completed'),
('MR004', 'TR004', CURRENT_DATE - INTERVAL '8 days', 'Wheel Truing', 'Flange wear correction.', 'Completed'),
('MR005', 'TR005', CURRENT_DATE - INTERVAL '6 days', 'Brake Pad Replacement', 'Primary braking system replaced.', 'Completed'),
('MR006', 'TR006', CURRENT_DATE - INTERVAL '2 days', 'AC Servicing', 'HVAC compressor replacement.', 'Completed'),
('MR007', 'TR007', CURRENT_DATE - INTERVAL '1 day', 'Scheduled Inspection', 'Pre-run diagnostic.', 'In Progress'),
('MR008', 'TR008', CURRENT_DATE, 'Coupler Replacement', 'Draft gear and coupler swapped.', 'In Progress'),
('MR009', 'TR009', CURRENT_DATE - INTERVAL '20 days', 'Electrical Overhaul', 'Auxiliary circuit rewire.', 'Completed'),
('MR010', 'TR010', CURRENT_DATE - INTERVAL '5 days', 'Major Repair', 'Pantograph damage assessment.', 'In Progress'),
('MR011', 'TR011', CURRENT_DATE - INTERVAL '14 days', 'Bogie Inspection', 'Suspension and damper checks.', 'Completed'),
('MR012', 'TR012', CURRENT_DATE - INTERVAL '11 days', 'Scheduled Inspection', 'Routine lube and fluid top-up.', 'Completed'),
('MR013', 'TR013', CURRENT_DATE - INTERVAL '9 days', 'Periodic Overhaul', 'D-Schedule maintenance.', 'Completed'),
('MR014', 'TR014', CURRENT_DATE - INTERVAL '7 days', 'Motor Replacement', 'Traction motor phase 2 swap.', 'Completed'),
('MR015', 'TR015', CURRENT_DATE - INTERVAL '3 days', 'Wheel Truing', 'Axle box alignment.', 'Completed'),
('MR016', 'TR016', CURRENT_DATE - INTERVAL '2 days', 'AC Servicing', 'Refrigerant flush.', 'In Progress'),
('MR017', 'TR017', CURRENT_DATE - INTERVAL '1 day', 'Brake Pad Replacement', 'Shoe replacement.', 'In Progress'),
('MR018', 'TR018', CURRENT_DATE - INTERVAL '18 days', 'Coupler Replacement', 'Automatic coupler buffer repair.', 'Completed'),
('MR019', 'TR019', CURRENT_DATE - INTERVAL '22 days', 'Scheduled Inspection', 'Trip schedule inspection.', 'Completed'),
('MR020', 'TR020', CURRENT_DATE - INTERVAL '25 days', 'Electrical Overhaul', 'Battery bank switch.', 'Completed'),
('MR021', 'TR021', CURRENT_DATE - INTERVAL '30 days', 'Periodic Overhaul', 'Complete teardown.', 'Completed'),
('MR022', 'TR022', CURRENT_DATE - INTERVAL '28 days', 'Bogie Inspection', 'Ultrasonic axle testing.', 'Completed'),
('MR023', 'TR023', CURRENT_DATE - INTERVAL '16 days', 'Motor Replacement', 'Cooling blower replacement.', 'Completed'),
('MR024', 'TR024', CURRENT_DATE - INTERVAL '12 days', 'Scheduled Inspection', 'Monthly fluid check.', 'Completed'),
('MR025', 'TR025', CURRENT_DATE - INTERVAL '8 days', 'Wheel Truing', 'Wheel profiling.', 'Completed'),
('MR026', 'TR026', CURRENT_DATE - INTERVAL '4 days', 'AC Servicing', 'Evaporator coil cleaning.', 'Completed'),
('MR027', 'TR027', CURRENT_DATE - INTERVAL '1 day', 'Brake Pad Replacement', 'Emergency brake valve check.', 'In Progress'),
('MR028', 'TR028', CURRENT_DATE, 'Electrical Overhaul', 'Transformer diagnostics.', 'In Progress'),
('MR029', 'TR029', CURRENT_DATE - INTERVAL '35 days', 'Coupler Replacement', 'Screw coupling replaced.', 'Completed'),
('MR030', 'TR030', CURRENT_DATE - INTERVAL '32 days', 'Scheduled Inspection', 'General fitness check.', 'Completed'),
('MR031', 'TR031', CURRENT_DATE - INTERVAL '27 days', 'Periodic Overhaul', 'Yearly structural audit.', 'Completed'),
('MR032', 'TR032', CURRENT_DATE - INTERVAL '21 days', 'Bogie Inspection', 'Air spring calibration.', 'Completed'),
('MR033', 'TR033', CURRENT_DATE - INTERVAL '19 days', 'Motor Replacement', 'Bearing lubrication failure repair.', 'Completed'),
('MR034', 'TR034', CURRENT_DATE - INTERVAL '13 days', 'Wheel Truing', 'Flat spot removal.', 'Completed'),
('MR035', 'TR035', CURRENT_DATE - INTERVAL '2 days', 'Scheduled Inspection', 'Post-trip inspection.', 'Completed');

-- 19. Maintenance_Staff table: Junction table linking staff to maintenance records.
-- Multiple staff can be assigned to a single job (especially major overhauls like MR001).
-- Only engineering/mechanical staff (S172–S197 range) appear here, as expected.
INSERT INTO maintenance_staff (staff_id, maintenance_id) VALUES
('S177', 'MR001'), 
('S197', 'MR001'), 
('S183', 'MR001'),
('S174', 'MR010'), 
('S176', 'MR010'), 
('S181', 'MR010'),
('S172', 'MR013'), 
('S192', 'MR013'), 
('S196', 'MR013'),
('S178', 'MR021'), 
('S180', 'MR021'), 
('S197', 'MR021'),
('S177', 'MR031'), 
('S174', 'MR031'), 
('S183', 'MR031'),
('S176', 'MR003'), 
('S196', 'MR003'),
('S178', 'MR005'), 
('S197', 'MR005'),
('S181', 'MR008'), 
('S192', 'MR008'),
('S177', 'MR009'), 
('S180', 'MR009'),
('S183', 'MR014'), 
('S197', 'MR014'),
('S176', 'MR017'), 
('S196', 'MR017'),
('S174', 'MR018'), 
('S192', 'MR018'),
('S172', 'MR020'), 
('S181', 'MR020'),
('S177', 'MR023'), 
('S183', 'MR023'),
('S178', 'MR027'), 
('S197', 'MR027'),
('S176', 'MR028'), 
('S180', 'MR028'),
('S192', 'MR029'), 
('S196', 'MR029'),
('S174', 'MR033'), 
('S181', 'MR033'),
('S178', 'MR002'),
('S180', 'MR004'),
('S183', 'MR006'),
('S197', 'MR007'),
('S176', 'MR011'),
('S192', 'MR012'),
('S180', 'MR015'),
('S181', 'MR016'),
('S177', 'MR019'),
('S196', 'MR022'),
('S178', 'MR024'),
('S197', 'MR025'),
('S183', 'MR026'),
('S176', 'MR030'),
('S192', 'MR032'),
('S180', 'MR034'),
('S181', 'MR035');

-- 20. Schedule table (Days 1–7, April 15–21, 2026): One row per train run per day.
-- All 35 trains run daily with fixed departure times matching route_station data.
-- This table is the anchor for bookings and live train status — everything in the
-- transactional part of the DB references (train_id, starting_ts) as a composite key.
INSERT INTO schedule (train_id, starting_ts, route_id, source_station_id, destination_station_id, running_time, ending_ts) VALUES
('TR001', '2026-04-15 16:30:00', 'RT001', 'ST001', 'ST004', INTERVAL '15 hours 45 minutes', '2026-04-16 08:15:00'),
('TR002', '2026-04-15 06:00:00', 'RT002', 'ST001', 'ST003', INTERVAL '2 hours 30 minutes', '2026-04-15 08:30:00'),
('TR003', '2026-04-15 23:10:00', 'RT003', 'ST004', 'ST006', INTERVAL '6 hours 40 minutes', '2026-04-16 05:50:00'),
('TR004', '2026-04-15 07:30:00', 'RT004', 'ST007', 'ST009', INTERVAL '5 hours 30 minutes', '2026-04-15 13:00:00'),
('TR005', '2026-04-15 17:20:00', 'RT005', 'ST010', 'ST012', INTERVAL '3 hours 10 minutes', '2026-04-15 20:30:00'),
('TR006', '2026-04-15 06:10:00', 'RT006', 'ST001', 'ST019', INTERVAL '6 hours 30 minutes', '2026-04-15 12:40:00'),
('TR007', '2026-04-15 17:10:00', 'RT007', 'ST001', 'ST020', INTERVAL '11 hours 30 minutes', '2026-04-16 04:40:00'),
('TR008', '2026-04-15 06:40:00', 'RT008', 'ST013', 'ST014', INTERVAL '2 hours 40 minutes', '2026-04-15 09:20:00'),
('TR009', '2026-04-15 14:30:00', 'RT009', 'ST008', 'ST031', INTERVAL '7 hours 20 minutes', '2026-04-15 21:50:00'),
('TR010', '2026-04-15 15:55:00', 'RT010', 'ST016', 'ST010', INTERVAL '25 hours 50 minutes', '2026-04-16 17:45:00'),
('TR011', '2026-04-15 14:30:00', 'RT011', 'ST001', 'ST022', INTERVAL '5 hours 0 minutes', '2026-04-15 19:30:00'),
('TR012', '2026-04-15 20:00:00', 'RT012', 'ST010', 'ST039', INTERVAL '8 hours 30 minutes', '2026-04-16 04:30:00'),
('TR013', '2026-04-15 14:40:00', 'RT013', 'ST006', 'ST004', INTERVAL '6 hours 50 minutes', '2026-04-15 21:30:00'),
('TR014', '2026-04-15 09:15:00', 'RT014', 'ST009', 'ST025', INTERVAL '2 hours 30 minutes', '2026-04-15 11:45:00'),
('TR015', '2026-04-15 13:50:00', 'RT015', 'ST001', 'ST028', INTERVAL '4 hours 55 minutes', '2026-04-15 18:45:00'),
('TR016', '2026-04-15 16:00:00', 'RT016', 'ST049', 'ST007', INTERVAL '16 hours 45 minutes', '2026-04-16 08:45:00'),
('TR017', '2026-04-15 08:00:00', 'RT017', 'ST041', 'ST044', INTERVAL '12 hours 0 minutes', '2026-04-15 20:00:00'),
('TR018', '2026-04-15 05:45:00', 'RT018', 'ST087', 'ST090', INTERVAL '6 hours 45 minutes', '2026-04-15 12:30:00'),
('TR019', '2026-04-15 06:15:00', 'RT019', 'ST069', 'ST097', INTERVAL '6 hours 45 minutes', '2026-04-15 13:00:00'),
('TR020', '2026-04-15 06:00:00', 'RT020', 'ST063', 'ST066', INTERVAL '7 hours 30 minutes', '2026-04-15 13:30:00'),
('TR021', '2026-04-15 07:30:00', 'RT021', 'ST059', 'ST011', INTERVAL '6 hours 15 minutes', '2026-04-15 13:45:00'),
('TR022', '2026-04-15 05:45:00', 'RT022', 'ST091', 'ST010', INTERVAL '6 hours 30 minutes', '2026-04-15 12:15:00'),
('TR023', '2026-04-15 05:00:00', 'RT023', 'ST018', 'ST039', INTERVAL '5 hours 0 minutes', '2026-04-15 10:00:00'),
('TR024', '2026-04-15 06:00:00', 'RT024', 'ST095', 'ST097', INTERVAL '8 hours 0 minutes', '2026-04-15 14:00:00'),
('TR025', '2026-04-15 08:00:00', 'RT025', 'ST099', 'ST100', INTERVAL '2 hours 15 minutes', '2026-04-15 10:15:00'),
('TR026', '2026-04-15 06:00:00', 'RT026', 'ST067', 'ST075', INTERVAL '7 hours 0 minutes', '2026-04-15 13:00:00'),
('TR027', '2026-04-15 05:30:00', 'RT027', 'ST069', 'ST071', INTERVAL '9 hours 0 minutes', '2026-04-15 14:30:00'),
('TR028', '2026-04-15 08:00:00', 'RT028', 'ST020', 'ST084', INTERVAL '4 hours 30 minutes', '2026-04-15 12:30:00'),
('TR029', '2026-04-15 10:00:00', 'RT029', 'ST100', 'ST078', INTERVAL '3 hours 0 minutes', '2026-04-15 13:00:00'),
('TR030', '2026-04-15 06:00:00', 'RT030', 'ST091', 'ST094', INTERVAL '7 hours 0 minutes', '2026-04-15 13:00:00'),
('TR031', '2026-04-15 07:00:00', 'RT031', 'ST061', 'ST011', INTERVAL '1 hours 0 minutes', '2026-04-15 08:00:00'),
('TR032', '2026-04-15 10:00:00', 'RT032', 'ST043', 'ST046', INTERVAL '4 hours 15 minutes', '2026-04-15 14:15:00'),
('TR033', '2026-04-15 13:00:00', 'RT033', 'ST021', 'ST092', INTERVAL '3 hours 0 minutes', '2026-04-15 16:00:00'),
('TR034', '2026-04-15 09:00:00', 'RT034', 'ST095', 'ST096', INTERVAL '0 hours 45 minutes', '2026-04-15 09:45:00'),
('TR035', '2026-04-15 06:00:00', 'RT035', 'ST010', 'ST094', INTERVAL '4 hours 0 minutes', '2026-04-15 10:00:00'),
('TR001', '2026-04-16 16:30:00', 'RT001', 'ST001', 'ST004', INTERVAL '15 hours 45 minutes', '2026-04-17 08:15:00'),
('TR002', '2026-04-16 06:00:00', 'RT002', 'ST001', 'ST003', INTERVAL '2 hours 30 minutes', '2026-04-16 08:30:00'),
('TR003', '2026-04-16 23:10:00', 'RT003', 'ST004', 'ST006', INTERVAL '6 hours 40 minutes', '2026-04-17 05:50:00'),
('TR004', '2026-04-16 07:30:00', 'RT004', 'ST007', 'ST009', INTERVAL '5 hours 30 minutes', '2026-04-16 13:00:00'),
('TR005', '2026-04-16 17:20:00', 'RT005', 'ST010', 'ST012', INTERVAL '3 hours 10 minutes', '2026-04-16 20:30:00'),
('TR006', '2026-04-16 06:10:00', 'RT006', 'ST001', 'ST019', INTERVAL '6 hours 30 minutes', '2026-04-16 12:40:00'),
('TR007', '2026-04-16 17:10:00', 'RT007', 'ST001', 'ST020', INTERVAL '11 hours 30 minutes', '2026-04-17 04:40:00'),
('TR008', '2026-04-16 06:40:00', 'RT008', 'ST013', 'ST014', INTERVAL '2 hours 40 minutes', '2026-04-16 09:20:00'),
('TR009', '2026-04-16 14:30:00', 'RT009', 'ST008', 'ST031', INTERVAL '7 hours 20 minutes', '2026-04-16 21:50:00'),
('TR010', '2026-04-16 15:55:00', 'RT010', 'ST016', 'ST010', INTERVAL '25 hours 50 minutes', '2026-04-17 17:45:00'),
('TR011', '2026-04-16 14:30:00', 'RT011', 'ST001', 'ST022', INTERVAL '5 hours 0 minutes', '2026-04-16 19:30:00'),
('TR012', '2026-04-16 20:00:00', 'RT012', 'ST010', 'ST039', INTERVAL '8 hours 30 minutes', '2026-04-17 04:30:00'),
('TR013', '2026-04-16 14:40:00', 'RT013', 'ST006', 'ST004', INTERVAL '6 hours 50 minutes', '2026-04-16 21:30:00'),
('TR014', '2026-04-16 09:15:00', 'RT014', 'ST009', 'ST025', INTERVAL '2 hours 30 minutes', '2026-04-16 11:45:00'),
('TR015', '2026-04-16 13:50:00', 'RT015', 'ST001', 'ST028', INTERVAL '4 hours 55 minutes', '2026-04-16 18:45:00'),
('TR016', '2026-04-16 16:00:00', 'RT016', 'ST049', 'ST007', INTERVAL '16 hours 45 minutes', '2026-04-17 08:45:00'),
('TR017', '2026-04-16 08:00:00', 'RT017', 'ST041', 'ST044', INTERVAL '12 hours 0 minutes', '2026-04-16 20:00:00'),
('TR018', '2026-04-16 05:45:00', 'RT018', 'ST087', 'ST090', INTERVAL '6 hours 45 minutes', '2026-04-16 12:30:00'),
('TR019', '2026-04-16 06:15:00', 'RT019', 'ST069', 'ST097', INTERVAL '6 hours 45 minutes', '2026-04-16 13:00:00'),
('TR020', '2026-04-16 06:00:00', 'RT020', 'ST063', 'ST066', INTERVAL '7 hours 30 minutes', '2026-04-16 13:30:00'),
('TR021', '2026-04-16 07:30:00', 'RT021', 'ST059', 'ST011', INTERVAL '6 hours 15 minutes', '2026-04-16 13:45:00'),
('TR022', '2026-04-16 05:45:00', 'RT022', 'ST091', 'ST010', INTERVAL '6 hours 30 minutes', '2026-04-16 12:15:00'),
('TR023', '2026-04-16 05:00:00', 'RT023', 'ST018', 'ST039', INTERVAL '5 hours 0 minutes', '2026-04-16 10:00:00'),
('TR024', '2026-04-16 06:00:00', 'RT024', 'ST095', 'ST097', INTERVAL '8 hours 0 minutes', '2026-04-16 14:00:00'),
('TR025', '2026-04-16 08:00:00', 'RT025', 'ST099', 'ST100', INTERVAL '2 hours 15 minutes', '2026-04-16 10:15:00'),
('TR026', '2026-04-16 06:00:00', 'RT026', 'ST067', 'ST075', INTERVAL '7 hours 0 minutes', '2026-04-16 13:00:00'),
('TR027', '2026-04-16 05:30:00', 'RT027', 'ST069', 'ST071', INTERVAL '9 hours 0 minutes', '2026-04-16 14:30:00'),
('TR028', '2026-04-16 08:00:00', 'RT028', 'ST020', 'ST084', INTERVAL '4 hours 30 minutes', '2026-04-16 12:30:00'),
('TR029', '2026-04-16 10:00:00', 'RT029', 'ST100', 'ST078', INTERVAL '3 hours 0 minutes', '2026-04-16 13:00:00'),
('TR030', '2026-04-16 06:00:00', 'RT030', 'ST091', 'ST094', INTERVAL '7 hours 0 minutes', '2026-04-16 13:00:00'),
('TR031', '2026-04-16 07:00:00', 'RT031', 'ST061', 'ST011', INTERVAL '1 hours 0 minutes', '2026-04-16 08:00:00'),
('TR032', '2026-04-16 10:00:00', 'RT032', 'ST043', 'ST046', INTERVAL '4 hours 15 minutes', '2026-04-16 14:15:00'),
('TR033', '2026-04-16 13:00:00', 'RT033', 'ST021', 'ST092', INTERVAL '3 hours 0 minutes', '2026-04-16 16:00:00'),
('TR034', '2026-04-16 09:00:00', 'RT034', 'ST095', 'ST096', INTERVAL '0 hours 45 minutes', '2026-04-16 09:45:00'),
('TR035', '2026-04-16 06:00:00', 'RT035', 'ST010', 'ST094', INTERVAL '4 hours 0 minutes', '2026-04-16 10:00:00'),
('TR001', '2026-04-17 16:30:00', 'RT001', 'ST001', 'ST004', INTERVAL '15 hours 45 minutes', '2026-04-18 08:15:00'),
('TR002', '2026-04-17 06:00:00', 'RT002', 'ST001', 'ST003', INTERVAL '2 hours 30 minutes', '2026-04-17 08:30:00'),
('TR003', '2026-04-17 23:10:00', 'RT003', 'ST004', 'ST006', INTERVAL '6 hours 40 minutes', '2026-04-18 05:50:00'),
('TR004', '2026-04-17 07:30:00', 'RT004', 'ST007', 'ST009', INTERVAL '5 hours 30 minutes', '2026-04-17 13:00:00'),
('TR005', '2026-04-17 17:20:00', 'RT005', 'ST010', 'ST012', INTERVAL '3 hours 10 minutes', '2026-04-17 20:30:00'),
('TR006', '2026-04-17 06:10:00', 'RT006', 'ST001', 'ST019', INTERVAL '6 hours 30 minutes', '2026-04-17 12:40:00'),
('TR007', '2026-04-17 17:10:00', 'RT007', 'ST001', 'ST020', INTERVAL '11 hours 30 minutes', '2026-04-18 04:40:00'),
('TR008', '2026-04-17 06:40:00', 'RT008', 'ST013', 'ST014', INTERVAL '2 hours 40 minutes', '2026-04-17 09:20:00'),
('TR009', '2026-04-17 14:30:00', 'RT009', 'ST008', 'ST031', INTERVAL '7 hours 20 minutes', '2026-04-17 21:50:00'),
('TR010', '2026-04-17 15:55:00', 'RT010', 'ST016', 'ST010', INTERVAL '25 hours 50 minutes', '2026-04-18 17:45:00'),
('TR011', '2026-04-17 14:30:00', 'RT011', 'ST001', 'ST022', INTERVAL '5 hours 0 minutes', '2026-04-17 19:30:00'),
('TR012', '2026-04-17 20:00:00', 'RT012', 'ST010', 'ST039', INTERVAL '8 hours 30 minutes', '2026-04-18 04:30:00'),
('TR013', '2026-04-17 14:40:00', 'RT013', 'ST006', 'ST004', INTERVAL '6 hours 50 minutes', '2026-04-17 21:30:00'),
('TR014', '2026-04-17 09:15:00', 'RT014', 'ST009', 'ST025', INTERVAL '2 hours 30 minutes', '2026-04-17 11:45:00'),
('TR015', '2026-04-17 13:50:00', 'RT015', 'ST001', 'ST028', INTERVAL '4 hours 55 minutes', '2026-04-17 18:45:00'),
('TR016', '2026-04-17 16:00:00', 'RT016', 'ST049', 'ST007', INTERVAL '16 hours 45 minutes', '2026-04-18 08:45:00'),
('TR017', '2026-04-17 08:00:00', 'RT017', 'ST041', 'ST044', INTERVAL '12 hours 0 minutes', '2026-04-17 20:00:00'),
('TR018', '2026-04-17 05:45:00', 'RT018', 'ST087', 'ST090', INTERVAL '6 hours 45 minutes', '2026-04-17 12:30:00'),
('TR019', '2026-04-17 06:15:00', 'RT019', 'ST069', 'ST097', INTERVAL '6 hours 45 minutes', '2026-04-17 13:00:00'),
('TR020', '2026-04-17 06:00:00', 'RT020', 'ST063', 'ST066', INTERVAL '7 hours 30 minutes', '2026-04-17 13:30:00'),
('TR021', '2026-04-17 07:30:00', 'RT021', 'ST059', 'ST011', INTERVAL '6 hours 15 minutes', '2026-04-17 13:45:00'),
('TR022', '2026-04-17 05:45:00', 'RT022', 'ST091', 'ST010', INTERVAL '6 hours 30 minutes', '2026-04-17 12:15:00'),
('TR023', '2026-04-17 05:00:00', 'RT023', 'ST018', 'ST039', INTERVAL '5 hours 0 minutes', '2026-04-17 10:00:00'),
('TR024', '2026-04-17 06:00:00', 'RT024', 'ST095', 'ST097', INTERVAL '8 hours 0 minutes', '2026-04-17 14:00:00'),
('TR025', '2026-04-17 08:00:00', 'RT025', 'ST099', 'ST100', INTERVAL '2 hours 15 minutes', '2026-04-17 10:15:00'),
('TR026', '2026-04-17 06:00:00', 'RT026', 'ST067', 'ST075', INTERVAL '7 hours 0 minutes', '2026-04-17 13:00:00'),
('TR027', '2026-04-17 05:30:00', 'RT027', 'ST069', 'ST071', INTERVAL '9 hours 0 minutes', '2026-04-17 14:30:00'),
('TR028', '2026-04-17 08:00:00', 'RT028', 'ST020', 'ST084', INTERVAL '4 hours 30 minutes', '2026-04-17 12:30:00'),
('TR029', '2026-04-17 10:00:00', 'RT029', 'ST100', 'ST078', INTERVAL '3 hours 0 minutes', '2026-04-17 13:00:00'),
('TR030', '2026-04-17 06:00:00', 'RT030', 'ST091', 'ST094', INTERVAL '7 hours 0 minutes', '2026-04-17 13:00:00'),
('TR031', '2026-04-17 07:00:00', 'RT031', 'ST061', 'ST011', INTERVAL '1 hours 0 minutes', '2026-04-17 08:00:00'),
('TR032', '2026-04-17 10:00:00', 'RT032', 'ST043', 'ST046', INTERVAL '4 hours 15 minutes', '2026-04-17 14:15:00'),
('TR033', '2026-04-17 13:00:00', 'RT033', 'ST021', 'ST092', INTERVAL '3 hours 0 minutes', '2026-04-17 16:00:00'),
('TR034', '2026-04-17 09:00:00', 'RT034', 'ST095', 'ST096', INTERVAL '0 hours 45 minutes', '2026-04-17 09:45:00'),
('TR035', '2026-04-17 06:00:00', 'RT035', 'ST010', 'ST094', INTERVAL '4 hours 0 minutes', '2026-04-17 10:00:00'),
('TR001', '2026-04-18 16:30:00', 'RT001', 'ST001', 'ST004', INTERVAL '15 hours 45 minutes', '2026-04-19 08:15:00'),
('TR002', '2026-04-18 06:00:00', 'RT002', 'ST001', 'ST003', INTERVAL '2 hours 30 minutes', '2026-04-18 08:30:00'),
('TR003', '2026-04-18 23:10:00', 'RT003', 'ST004', 'ST006', INTERVAL '6 hours 40 minutes', '2026-04-19 05:50:00'),
('TR004', '2026-04-18 07:30:00', 'RT004', 'ST007', 'ST009', INTERVAL '5 hours 30 minutes', '2026-04-18 13:00:00'),
('TR005', '2026-04-18 17:20:00', 'RT005', 'ST010', 'ST012', INTERVAL '3 hours 10 minutes', '2026-04-18 20:30:00'),
('TR006', '2026-04-18 06:10:00', 'RT006', 'ST001', 'ST019', INTERVAL '6 hours 30 minutes', '2026-04-18 12:40:00'),
('TR007', '2026-04-18 17:10:00', 'RT007', 'ST001', 'ST020', INTERVAL '11 hours 30 minutes', '2026-04-19 04:40:00'),
('TR008', '2026-04-18 06:40:00', 'RT008', 'ST013', 'ST014', INTERVAL '2 hours 40 minutes', '2026-04-18 09:20:00'),
('TR009', '2026-04-18 14:30:00', 'RT009', 'ST008', 'ST031', INTERVAL '7 hours 20 minutes', '2026-04-18 21:50:00'),
('TR010', '2026-04-18 15:55:00', 'RT010', 'ST016', 'ST010', INTERVAL '25 hours 50 minutes', '2026-04-19 17:45:00'),
('TR011', '2026-04-18 14:30:00', 'RT011', 'ST001', 'ST022', INTERVAL '5 hours 0 minutes', '2026-04-18 19:30:00'),
('TR012', '2026-04-18 20:00:00', 'RT012', 'ST010', 'ST039', INTERVAL '8 hours 30 minutes', '2026-04-19 04:30:00'),
('TR013', '2026-04-18 14:40:00', 'RT013', 'ST006', 'ST004', INTERVAL '6 hours 50 minutes', '2026-04-18 21:30:00'),
('TR014', '2026-04-18 09:15:00', 'RT014', 'ST009', 'ST025', INTERVAL '2 hours 30 minutes', '2026-04-18 11:45:00'),
('TR015', '2026-04-18 13:50:00', 'RT015', 'ST001', 'ST028', INTERVAL '4 hours 55 minutes', '2026-04-18 18:45:00'),
('TR016', '2026-04-18 16:00:00', 'RT016', 'ST049', 'ST007', INTERVAL '16 hours 45 minutes', '2026-04-19 08:45:00'),
('TR017', '2026-04-18 08:00:00', 'RT017', 'ST041', 'ST044', INTERVAL '12 hours 0 minutes', '2026-04-18 20:00:00'),
('TR018', '2026-04-18 05:45:00', 'RT018', 'ST087', 'ST090', INTERVAL '6 hours 45 minutes', '2026-04-18 12:30:00'),
('TR019', '2026-04-18 06:15:00', 'RT019', 'ST069', 'ST097', INTERVAL '6 hours 45 minutes', '2026-04-18 13:00:00'),
('TR020', '2026-04-18 06:00:00', 'RT020', 'ST063', 'ST066', INTERVAL '7 hours 30 minutes', '2026-04-18 13:30:00'),
('TR021', '2026-04-18 07:30:00', 'RT021', 'ST059', 'ST011', INTERVAL '6 hours 15 minutes', '2026-04-18 13:45:00'),
('TR022', '2026-04-18 05:45:00', 'RT022', 'ST091', 'ST010', INTERVAL '6 hours 30 minutes', '2026-04-18 12:15:00'),
('TR023', '2026-04-18 05:00:00', 'RT023', 'ST018', 'ST039', INTERVAL '5 hours 0 minutes', '2026-04-18 10:00:00'),
('TR024', '2026-04-18 06:00:00', 'RT024', 'ST095', 'ST097', INTERVAL '8 hours 0 minutes', '2026-04-18 14:00:00'),
('TR025', '2026-04-18 08:00:00', 'RT025', 'ST099', 'ST100', INTERVAL '2 hours 15 minutes', '2026-04-18 10:15:00'),
('TR026', '2026-04-18 06:00:00', 'RT026', 'ST067', 'ST075', INTERVAL '7 hours 0 minutes', '2026-04-18 13:00:00'),
('TR027', '2026-04-18 05:30:00', 'RT027', 'ST069', 'ST071', INTERVAL '9 hours 0 minutes', '2026-04-18 14:30:00'),
('TR028', '2026-04-18 08:00:00', 'RT028', 'ST020', 'ST084', INTERVAL '4 hours 30 minutes', '2026-04-18 12:30:00'),
('TR029', '2026-04-18 10:00:00', 'RT029', 'ST100', 'ST078', INTERVAL '3 hours 0 minutes', '2026-04-18 13:00:00'),
('TR030', '2026-04-18 06:00:00', 'RT030', 'ST091', 'ST094', INTERVAL '7 hours 0 minutes', '2026-04-18 13:00:00'),
('TR031', '2026-04-18 07:00:00', 'RT031', 'ST061', 'ST011', INTERVAL '1 hours 0 minutes', '2026-04-18 08:00:00'),
('TR032', '2026-04-18 10:00:00', 'RT032', 'ST043', 'ST046', INTERVAL '4 hours 15 minutes', '2026-04-18 14:15:00'),
('TR033', '2026-04-18 13:00:00', 'RT033', 'ST021', 'ST092', INTERVAL '3 hours 0 minutes', '2026-04-18 16:00:00'),
('TR034', '2026-04-18 09:00:00', 'RT034', 'ST095', 'ST096', INTERVAL '0 hours 45 minutes', '2026-04-18 09:45:00'),
('TR035', '2026-04-18 06:00:00', 'RT035', 'ST010', 'ST094', INTERVAL '4 hours 0 minutes', '2026-04-18 10:00:00'),
('TR001', '2026-04-19 16:30:00', 'RT001', 'ST001', 'ST004', INTERVAL '15 hours 45 minutes', '2026-04-20 08:15:00'),
('TR002', '2026-04-19 06:00:00', 'RT002', 'ST001', 'ST003', INTERVAL '2 hours 30 minutes', '2026-04-19 08:30:00'),
('TR003', '2026-04-19 23:10:00', 'RT003', 'ST004', 'ST006', INTERVAL '6 hours 40 minutes', '2026-04-20 05:50:00'),
('TR004', '2026-04-19 07:30:00', 'RT004', 'ST007', 'ST009', INTERVAL '5 hours 30 minutes', '2026-04-19 13:00:00'),
('TR005', '2026-04-19 17:20:00', 'RT005', 'ST010', 'ST012', INTERVAL '3 hours 10 minutes', '2026-04-19 20:30:00'),
('TR006', '2026-04-19 06:10:00', 'RT006', 'ST001', 'ST019', INTERVAL '6 hours 30 minutes', '2026-04-19 12:40:00'),
('TR007', '2026-04-19 17:10:00', 'RT007', 'ST001', 'ST020', INTERVAL '11 hours 30 minutes', '2026-04-20 04:40:00'),
('TR008', '2026-04-19 06:40:00', 'RT008', 'ST013', 'ST014', INTERVAL '2 hours 40 minutes', '2026-04-19 09:20:00'),
('TR009', '2026-04-19 14:30:00', 'RT009', 'ST008', 'ST031', INTERVAL '7 hours 20 minutes', '2026-04-19 21:50:00'),
('TR010', '2026-04-19 15:55:00', 'RT010', 'ST016', 'ST010', INTERVAL '25 hours 50 minutes', '2026-04-20 17:45:00'),
('TR011', '2026-04-19 14:30:00', 'RT011', 'ST001', 'ST022', INTERVAL '5 hours 0 minutes', '2026-04-19 19:30:00'),
('TR012', '2026-04-19 20:00:00', 'RT012', 'ST010', 'ST039', INTERVAL '8 hours 30 minutes', '2026-04-20 04:30:00'),
('TR013', '2026-04-19 14:40:00', 'RT013', 'ST006', 'ST004', INTERVAL '6 hours 50 minutes', '2026-04-19 21:30:00'),
('TR014', '2026-04-19 09:15:00', 'RT014', 'ST009', 'ST025', INTERVAL '2 hours 30 minutes', '2026-04-19 11:45:00'),
('TR015', '2026-04-19 13:50:00', 'RT015', 'ST001', 'ST028', INTERVAL '4 hours 55 minutes', '2026-04-19 18:45:00'),
('TR016', '2026-04-19 16:00:00', 'RT016', 'ST049', 'ST007', INTERVAL '16 hours 45 minutes', '2026-04-20 08:45:00'),
('TR017', '2026-04-19 08:00:00', 'RT017', 'ST041', 'ST044', INTERVAL '12 hours 0 minutes', '2026-04-19 20:00:00'),
('TR018', '2026-04-19 05:45:00', 'RT018', 'ST087', 'ST090', INTERVAL '6 hours 45 minutes', '2026-04-19 12:30:00'),
('TR019', '2026-04-19 06:15:00', 'RT019', 'ST069', 'ST097', INTERVAL '6 hours 45 minutes', '2026-04-19 13:00:00'),
('TR020', '2026-04-19 06:00:00', 'RT020', 'ST063', 'ST066', INTERVAL '7 hours 30 minutes', '2026-04-19 13:30:00'),
('TR021', '2026-04-19 07:30:00', 'RT021', 'ST059', 'ST011', INTERVAL '6 hours 15 minutes', '2026-04-19 13:45:00'),
('TR022', '2026-04-19 05:45:00', 'RT022', 'ST091', 'ST010', INTERVAL '6 hours 30 minutes', '2026-04-19 12:15:00'),
('TR023', '2026-04-19 05:00:00', 'RT023', 'ST018', 'ST039', INTERVAL '5 hours 0 minutes', '2026-04-19 10:00:00'),
('TR024', '2026-04-19 06:00:00', 'RT024', 'ST095', 'ST097', INTERVAL '8 hours 0 minutes', '2026-04-19 14:00:00'),
('TR025', '2026-04-19 08:00:00', 'RT025', 'ST099', 'ST100', INTERVAL '2 hours 15 minutes', '2026-04-19 10:15:00'),
('TR026', '2026-04-19 06:00:00', 'RT026', 'ST067', 'ST075', INTERVAL '7 hours 0 minutes', '2026-04-19 13:00:00'),
('TR027', '2026-04-19 05:30:00', 'RT027', 'ST069', 'ST071', INTERVAL '9 hours 0 minutes', '2026-04-19 14:30:00'),
('TR028', '2026-04-19 08:00:00', 'RT028', 'ST020', 'ST084', INTERVAL '4 hours 30 minutes', '2026-04-19 12:30:00'),
('TR029', '2026-04-19 10:00:00', 'RT029', 'ST100', 'ST078', INTERVAL '3 hours 0 minutes', '2026-04-19 13:00:00'),
('TR030', '2026-04-19 06:00:00', 'RT030', 'ST091', 'ST094', INTERVAL '7 hours 0 minutes', '2026-04-19 13:00:00'),
('TR031', '2026-04-19 07:00:00', 'RT031', 'ST061', 'ST011', INTERVAL '1 hours 0 minutes', '2026-04-19 08:00:00'),
('TR032', '2026-04-19 10:00:00', 'RT032', 'ST043', 'ST046', INTERVAL '4 hours 15 minutes', '2026-04-19 14:15:00'),
('TR033', '2026-04-19 13:00:00', 'RT033', 'ST021', 'ST092', INTERVAL '3 hours 0 minutes', '2026-04-19 16:00:00'),
('TR034', '2026-04-19 09:00:00', 'RT034', 'ST095', 'ST096', INTERVAL '0 hours 45 minutes', '2026-04-19 09:45:00'),
('TR035', '2026-04-19 06:00:00', 'RT035', 'ST010', 'ST094', INTERVAL '4 hours 0 minutes', '2026-04-19 10:00:00'),
('TR001', '2026-04-20 16:30:00', 'RT001', 'ST001', 'ST004', INTERVAL '15 hours 45 minutes', '2026-04-21 08:15:00'),
('TR002', '2026-04-20 06:00:00', 'RT002', 'ST001', 'ST003', INTERVAL '2 hours 30 minutes', '2026-04-20 08:30:00'),
('TR003', '2026-04-20 23:10:00', 'RT003', 'ST004', 'ST006', INTERVAL '6 hours 40 minutes', '2026-04-21 05:50:00'),
('TR004', '2026-04-20 07:30:00', 'RT004', 'ST007', 'ST009', INTERVAL '5 hours 30 minutes', '2026-04-20 13:00:00'),
('TR005', '2026-04-20 17:20:00', 'RT005', 'ST010', 'ST012', INTERVAL '3 hours 10 minutes', '2026-04-20 20:30:00'),
('TR006', '2026-04-20 06:10:00', 'RT006', 'ST001', 'ST019', INTERVAL '6 hours 30 minutes', '2026-04-20 12:40:00'),
('TR007', '2026-04-20 17:10:00', 'RT007', 'ST001', 'ST020', INTERVAL '11 hours 30 minutes', '2026-04-21 04:40:00'),
('TR008', '2026-04-20 06:40:00', 'RT008', 'ST013', 'ST014', INTERVAL '2 hours 40 minutes', '2026-04-20 09:20:00'),
('TR009', '2026-04-20 14:30:00', 'RT009', 'ST008', 'ST031', INTERVAL '7 hours 20 minutes', '2026-04-20 21:50:00'),
('TR010', '2026-04-20 15:55:00', 'RT010', 'ST016', 'ST010', INTERVAL '25 hours 50 minutes', '2026-04-21 17:45:00'),
('TR011', '2026-04-20 14:30:00', 'RT011', 'ST001', 'ST022', INTERVAL '5 hours 0 minutes', '2026-04-20 19:30:00'),
('TR012', '2026-04-20 20:00:00', 'RT012', 'ST010', 'ST039', INTERVAL '8 hours 30 minutes', '2026-04-21 04:30:00'),
('TR013', '2026-04-20 14:40:00', 'RT013', 'ST006', 'ST004', INTERVAL '6 hours 50 minutes', '2026-04-20 21:30:00'),
('TR014', '2026-04-20 09:15:00', 'RT014', 'ST009', 'ST025', INTERVAL '2 hours 30 minutes', '2026-04-20 11:45:00'),
('TR015', '2026-04-20 13:50:00', 'RT015', 'ST001', 'ST028', INTERVAL '4 hours 55 minutes', '2026-04-20 18:45:00'),
('TR016', '2026-04-20 16:00:00', 'RT016', 'ST049', 'ST007', INTERVAL '16 hours 45 minutes', '2026-04-21 08:45:00'),
('TR017', '2026-04-20 08:00:00', 'RT017', 'ST041', 'ST044', INTERVAL '12 hours 0 minutes', '2026-04-20 20:00:00'),
('TR018', '2026-04-20 05:45:00', 'RT018', 'ST087', 'ST090', INTERVAL '6 hours 45 minutes', '2026-04-20 12:30:00'),
('TR019', '2026-04-20 06:15:00', 'RT019', 'ST069', 'ST097', INTERVAL '6 hours 45 minutes', '2026-04-20 13:00:00'),
('TR020', '2026-04-20 06:00:00', 'RT020', 'ST063', 'ST066', INTERVAL '7 hours 30 minutes', '2026-04-20 13:30:00'),
('TR021', '2026-04-20 07:30:00', 'RT021', 'ST059', 'ST011', INTERVAL '6 hours 15 minutes', '2026-04-20 13:45:00'),
('TR022', '2026-04-20 05:45:00', 'RT022', 'ST091', 'ST010', INTERVAL '6 hours 30 minutes', '2026-04-20 12:15:00'),
('TR023', '2026-04-20 05:00:00', 'RT023', 'ST018', 'ST039', INTERVAL '5 hours 0 minutes', '2026-04-20 10:00:00'),
('TR024', '2026-04-20 06:00:00', 'RT024', 'ST095', 'ST097', INTERVAL '8 hours 0 minutes', '2026-04-20 14:00:00'),
('TR025', '2026-04-20 08:00:00', 'RT025', 'ST099', 'ST100', INTERVAL '2 hours 15 minutes', '2026-04-20 10:15:00'),
('TR026', '2026-04-20 06:00:00', 'RT026', 'ST067', 'ST075', INTERVAL '7 hours 0 minutes', '2026-04-20 13:00:00'),
('TR027', '2026-04-20 05:30:00', 'RT027', 'ST069', 'ST071', INTERVAL '9 hours 0 minutes', '2026-04-20 14:30:00'),
('TR028', '2026-04-20 08:00:00', 'RT028', 'ST020', 'ST084', INTERVAL '4 hours 30 minutes', '2026-04-20 12:30:00'),
('TR029', '2026-04-20 10:00:00', 'RT029', 'ST100', 'ST078', INTERVAL '3 hours 0 minutes', '2026-04-20 13:00:00'),
('TR030', '2026-04-20 06:00:00', 'RT030', 'ST091', 'ST094', INTERVAL '7 hours 0 minutes', '2026-04-20 13:00:00'),
('TR031', '2026-04-20 07:00:00', 'RT031', 'ST061', 'ST011', INTERVAL '1 hours 0 minutes', '2026-04-20 08:00:00'),
('TR032', '2026-04-20 10:00:00', 'RT032', 'ST043', 'ST046', INTERVAL '4 hours 15 minutes', '2026-04-20 14:15:00'),
('TR033', '2026-04-20 13:00:00', 'RT033', 'ST021', 'ST092', INTERVAL '3 hours 0 minutes', '2026-04-20 16:00:00'),
('TR034', '2026-04-20 09:00:00', 'RT034', 'ST095', 'ST096', INTERVAL '0 hours 45 minutes', '2026-04-20 09:45:00'),
('TR035', '2026-04-20 06:00:00', 'RT035', 'ST010', 'ST094', INTERVAL '4 hours 0 minutes', '2026-04-20 10:00:00'),
('TR001', '2026-04-21 16:30:00', 'RT001', 'ST001', 'ST004', INTERVAL '15 hours 45 minutes', '2026-04-22 08:15:00'),
('TR002', '2026-04-21 06:00:00', 'RT002', 'ST001', 'ST003', INTERVAL '2 hours 30 minutes', '2026-04-21 08:30:00'),
('TR003', '2026-04-21 23:10:00', 'RT003', 'ST004', 'ST006', INTERVAL '6 hours 40 minutes', '2026-04-22 05:50:00'),
('TR004', '2026-04-21 07:30:00', 'RT004', 'ST007', 'ST009', INTERVAL '5 hours 30 minutes', '2026-04-21 13:00:00'),
('TR005', '2026-04-21 17:20:00', 'RT005', 'ST010', 'ST012', INTERVAL '3 hours 10 minutes', '2026-04-21 20:30:00'),
('TR006', '2026-04-21 06:10:00', 'RT006', 'ST001', 'ST019', INTERVAL '6 hours 30 minutes', '2026-04-21 12:40:00'),
('TR007', '2026-04-21 17:10:00', 'RT007', 'ST001', 'ST020', INTERVAL '11 hours 30 minutes', '2026-04-22 04:40:00'),
('TR008', '2026-04-21 06:40:00', 'RT008', 'ST013', 'ST014', INTERVAL '2 hours 40 minutes', '2026-04-21 09:20:00'),
('TR009', '2026-04-21 14:30:00', 'RT009', 'ST008', 'ST031', INTERVAL '7 hours 20 minutes', '2026-04-21 21:50:00'),
('TR010', '2026-04-21 15:55:00', 'RT010', 'ST016', 'ST010', INTERVAL '25 hours 50 minutes', '2026-04-22 17:45:00'),
('TR011', '2026-04-21 14:30:00', 'RT011', 'ST001', 'ST022', INTERVAL '5 hours 0 minutes', '2026-04-21 19:30:00'),
('TR012', '2026-04-21 20:00:00', 'RT012', 'ST010', 'ST039', INTERVAL '8 hours 30 minutes', '2026-04-22 04:30:00'),
('TR013', '2026-04-21 14:40:00', 'RT013', 'ST006', 'ST004', INTERVAL '6 hours 50 minutes', '2026-04-21 21:30:00'),
('TR014', '2026-04-21 09:15:00', 'RT014', 'ST009', 'ST025', INTERVAL '2 hours 30 minutes', '2026-04-21 11:45:00'),
('TR015', '2026-04-21 13:50:00', 'RT015', 'ST001', 'ST028', INTERVAL '4 hours 55 minutes', '2026-04-21 18:45:00'),
('TR016', '2026-04-21 16:00:00', 'RT016', 'ST049', 'ST007', INTERVAL '16 hours 45 minutes', '2026-04-22 08:45:00'),
('TR017', '2026-04-21 08:00:00', 'RT017', 'ST041', 'ST044', INTERVAL '12 hours 0 minutes', '2026-04-21 20:00:00'),
('TR018', '2026-04-21 05:45:00', 'RT018', 'ST087', 'ST090', INTERVAL '6 hours 45 minutes', '2026-04-21 12:30:00'),
('TR019', '2026-04-21 06:15:00', 'RT019', 'ST069', 'ST097', INTERVAL '6 hours 45 minutes', '2026-04-21 13:00:00'),
('TR020', '2026-04-21 06:00:00', 'RT020', 'ST063', 'ST066', INTERVAL '7 hours 30 minutes', '2026-04-21 13:30:00'),
('TR021', '2026-04-21 07:30:00', 'RT021', 'ST059', 'ST011', INTERVAL '6 hours 15 minutes', '2026-04-21 13:45:00'),
('TR022', '2026-04-21 05:45:00', 'RT022', 'ST091', 'ST010', INTERVAL '6 hours 30 minutes', '2026-04-21 12:15:00'),
('TR023', '2026-04-21 05:00:00', 'RT023', 'ST018', 'ST039', INTERVAL '5 hours 0 minutes', '2026-04-21 10:00:00'),
('TR024', '2026-04-21 06:00:00', 'RT024', 'ST095', 'ST097', INTERVAL '8 hours 0 minutes', '2026-04-21 14:00:00'),
('TR025', '2026-04-21 08:00:00', 'RT025', 'ST099', 'ST100', INTERVAL '2 hours 15 minutes', '2026-04-21 10:15:00'),
('TR026', '2026-04-21 06:00:00', 'RT026', 'ST067', 'ST075', INTERVAL '7 hours 0 minutes', '2026-04-21 13:00:00'),
('TR027', '2026-04-21 05:30:00', 'RT027', 'ST069', 'ST071', INTERVAL '9 hours 0 minutes', '2026-04-21 14:30:00'),
('TR028', '2026-04-21 08:00:00', 'RT028', 'ST020', 'ST084', INTERVAL '4 hours 30 minutes', '2026-04-21 12:30:00'),
('TR029', '2026-04-21 10:00:00', 'RT029', 'ST100', 'ST078', INTERVAL '3 hours 0 minutes', '2026-04-21 13:00:00'),
('TR030', '2026-04-21 06:00:00', 'RT030', 'ST091', 'ST094', INTERVAL '7 hours 0 minutes', '2026-04-21 13:00:00'),
('TR031', '2026-04-21 07:00:00', 'RT031', 'ST061', 'ST011', INTERVAL '1 hours 0 minutes', '2026-04-21 08:00:00'),
('TR032', '2026-04-21 10:00:00', 'RT032', 'ST043', 'ST046', INTERVAL '4 hours 15 minutes', '2026-04-21 14:15:00'),
('TR033', '2026-04-21 13:00:00', 'RT033', 'ST021', 'ST092', INTERVAL '3 hours 0 minutes', '2026-04-21 16:00:00'),
('TR034', '2026-04-21 09:00:00', 'RT034', 'ST095', 'ST096', INTERVAL '0 hours 45 minutes', '2026-04-21 09:45:00'),
('TR035', '2026-04-21 06:00:00', 'RT035', 'ST010', 'ST094', INTERVAL '4 hours 0 minutes', '2026-04-21 10:00:00'),
('TR001', '2026-04-22 16:30:00', 'RT001', 'ST001', 'ST004', INTERVAL '15 hours 45 minutes', '2026-04-23 08:15:00'),
('TR002', '2026-04-22 06:00:00', 'RT002', 'ST001', 'ST003', INTERVAL '2 hours 30 minutes', '2026-04-22 08:30:00'),
('TR003', '2026-04-22 23:10:00', 'RT003', 'ST004', 'ST006', INTERVAL '6 hours 40 minutes', '2026-04-23 05:50:00'),
('TR004', '2026-04-22 07:30:00', 'RT004', 'ST007', 'ST009', INTERVAL '5 hours 30 minutes', '2026-04-22 13:00:00'),
('TR005', '2026-04-22 17:20:00', 'RT005', 'ST010', 'ST012', INTERVAL '3 hours 10 minutes', '2026-04-22 20:30:00'),
('TR006', '2026-04-22 06:10:00', 'RT006', 'ST001', 'ST019', INTERVAL '6 hours 30 minutes', '2026-04-22 12:40:00'),
('TR007', '2026-04-22 17:10:00', 'RT007', 'ST001', 'ST020', INTERVAL '11 hours 30 minutes', '2026-04-23 04:40:00'),
('TR008', '2026-04-22 06:40:00', 'RT008', 'ST013', 'ST014', INTERVAL '2 hours 40 minutes', '2026-04-22 09:20:00'),
('TR009', '2026-04-22 14:30:00', 'RT009', 'ST008', 'ST031', INTERVAL '7 hours 20 minutes', '2026-04-22 21:50:00'),
('TR010', '2026-04-22 15:55:00', 'RT010', 'ST016', 'ST010', INTERVAL '25 hours 50 minutes', '2026-04-23 17:45:00'),
('TR011', '2026-04-22 14:30:00', 'RT011', 'ST001', 'ST022', INTERVAL '5 hours 0 minutes', '2026-04-22 19:30:00'),
('TR012', '2026-04-22 20:00:00', 'RT012', 'ST010', 'ST039', INTERVAL '8 hours 30 minutes', '2026-04-23 04:30:00'),
('TR013', '2026-04-22 14:40:00', 'RT013', 'ST006', 'ST004', INTERVAL '6 hours 50 minutes', '2026-04-22 21:30:00'),
('TR014', '2026-04-22 09:15:00', 'RT014', 'ST009', 'ST025', INTERVAL '2 hours 30 minutes', '2026-04-22 11:45:00'),
('TR015', '2026-04-22 13:50:00', 'RT015', 'ST001', 'ST028', INTERVAL '4 hours 55 minutes', '2026-04-22 18:45:00'),
('TR016', '2026-04-22 16:00:00', 'RT016', 'ST049', 'ST007', INTERVAL '16 hours 45 minutes', '2026-04-23 08:45:00'),
('TR017', '2026-04-22 08:00:00', 'RT017', 'ST041', 'ST044', INTERVAL '12 hours 0 minutes', '2026-04-22 20:00:00'),
('TR018', '2026-04-22 05:45:00', 'RT018', 'ST087', 'ST090', INTERVAL '6 hours 45 minutes', '2026-04-22 12:30:00'),
('TR019', '2026-04-22 06:15:00', 'RT019', 'ST069', 'ST097', INTERVAL '6 hours 45 minutes', '2026-04-22 13:00:00'),
('TR020', '2026-04-22 06:00:00', 'RT020', 'ST063', 'ST066', INTERVAL '7 hours 30 minutes', '2026-04-22 13:30:00'),
('TR021', '2026-04-22 07:30:00', 'RT021', 'ST059', 'ST011', INTERVAL '6 hours 15 minutes', '2026-04-22 13:45:00'),
('TR022', '2026-04-22 05:45:00', 'RT022', 'ST091', 'ST010', INTERVAL '6 hours 30 minutes', '2026-04-22 12:15:00'),
('TR023', '2026-04-22 05:00:00', 'RT023', 'ST018', 'ST039', INTERVAL '5 hours 0 minutes', '2026-04-22 10:00:00'),
('TR024', '2026-04-22 06:00:00', 'RT024', 'ST095', 'ST097', INTERVAL '8 hours 0 minutes', '2026-04-22 14:00:00'),
('TR025', '2026-04-22 08:00:00', 'RT025', 'ST099', 'ST100', INTERVAL '2 hours 15 minutes', '2026-04-22 10:15:00'),
('TR026', '2026-04-22 06:00:00', 'RT026', 'ST067', 'ST075', INTERVAL '7 hours 0 minutes', '2026-04-22 13:00:00'),
('TR027', '2026-04-22 05:30:00', 'RT027', 'ST069', 'ST071', INTERVAL '9 hours 0 minutes', '2026-04-22 14:30:00'),
('TR028', '2026-04-22 08:00:00', 'RT028', 'ST020', 'ST084', INTERVAL '4 hours 30 minutes', '2026-04-22 12:30:00'),
('TR029', '2026-04-22 10:00:00', 'RT029', 'ST100', 'ST078', INTERVAL '3 hours 0 minutes', '2026-04-22 13:00:00'),
('TR030', '2026-04-22 06:00:00', 'RT030', 'ST091', 'ST094', INTERVAL '7 hours 0 minutes', '2026-04-22 13:00:00'),
('TR031', '2026-04-22 07:00:00', 'RT031', 'ST061', 'ST011', INTERVAL '1 hours 0 minutes', '2026-04-22 08:00:00'),
('TR032', '2026-04-22 10:00:00', 'RT032', 'ST043', 'ST046', INTERVAL '4 hours 15 minutes', '2026-04-22 14:15:00'),
('TR033', '2026-04-22 13:00:00', 'RT033', 'ST021', 'ST092', INTERVAL '3 hours 0 minutes', '2026-04-22 16:00:00'),
('TR034', '2026-04-22 09:00:00', 'RT034', 'ST095', 'ST096', INTERVAL '0 hours 45 minutes', '2026-04-22 09:45:00'),
('TR035', '2026-04-22 06:00:00', 'RT035', 'ST010', 'ST094', INTERVAL '4 hours 0 minutes', '2026-04-22 10:00:00'),
('TR001', '2026-04-23 16:30:00', 'RT001', 'ST001', 'ST004', INTERVAL '15 hours 45 minutes', '2026-04-24 08:15:00'),
('TR002', '2026-04-23 06:00:00', 'RT002', 'ST001', 'ST003', INTERVAL '2 hours 30 minutes', '2026-04-23 08:30:00'),
('TR003', '2026-04-23 23:10:00', 'RT003', 'ST004', 'ST006', INTERVAL '6 hours 40 minutes', '2026-04-24 05:50:00'),
('TR004', '2026-04-23 07:30:00', 'RT004', 'ST007', 'ST009', INTERVAL '5 hours 30 minutes', '2026-04-23 13:00:00'),
('TR005', '2026-04-23 17:20:00', 'RT005', 'ST010', 'ST012', INTERVAL '3 hours 10 minutes', '2026-04-23 20:30:00'),
('TR006', '2026-04-23 06:10:00', 'RT006', 'ST001', 'ST019', INTERVAL '6 hours 30 minutes', '2026-04-23 12:40:00'),
('TR007', '2026-04-23 17:10:00', 'RT007', 'ST001', 'ST020', INTERVAL '11 hours 30 minutes', '2026-04-24 04:40:00'),
('TR008', '2026-04-23 06:40:00', 'RT008', 'ST013', 'ST014', INTERVAL '2 hours 40 minutes', '2026-04-23 09:20:00'),
('TR009', '2026-04-23 14:30:00', 'RT009', 'ST008', 'ST031', INTERVAL '7 hours 20 minutes', '2026-04-23 21:50:00'),
('TR010', '2026-04-23 15:55:00', 'RT010', 'ST016', 'ST010', INTERVAL '25 hours 50 minutes', '2026-04-24 17:45:00'),
('TR011', '2026-04-23 14:30:00', 'RT011', 'ST001', 'ST022', INTERVAL '5 hours 0 minutes', '2026-04-23 19:30:00'),
('TR012', '2026-04-23 20:00:00', 'RT012', 'ST010', 'ST039', INTERVAL '8 hours 30 minutes', '2026-04-24 04:30:00'),
('TR013', '2026-04-23 14:40:00', 'RT013', 'ST006', 'ST004', INTERVAL '6 hours 50 minutes', '2026-04-23 21:30:00'),
('TR014', '2026-04-23 09:15:00', 'RT014', 'ST009', 'ST025', INTERVAL '2 hours 30 minutes', '2026-04-23 11:45:00'),
('TR015', '2026-04-23 13:50:00', 'RT015', 'ST001', 'ST028', INTERVAL '4 hours 55 minutes', '2026-04-23 18:45:00'),
('TR016', '2026-04-23 16:00:00', 'RT016', 'ST049', 'ST007', INTERVAL '16 hours 45 minutes', '2026-04-24 08:45:00'),
('TR017', '2026-04-23 08:00:00', 'RT017', 'ST041', 'ST044', INTERVAL '12 hours 0 minutes', '2026-04-23 20:00:00'),
('TR018', '2026-04-23 05:45:00', 'RT018', 'ST087', 'ST090', INTERVAL '6 hours 45 minutes', '2026-04-23 12:30:00'),
('TR019', '2026-04-23 06:15:00', 'RT019', 'ST069', 'ST097', INTERVAL '6 hours 45 minutes', '2026-04-23 13:00:00'),
('TR020', '2026-04-23 06:00:00', 'RT020', 'ST063', 'ST066', INTERVAL '7 hours 30 minutes', '2026-04-23 13:30:00'),
('TR021', '2026-04-23 07:30:00', 'RT021', 'ST059', 'ST011', INTERVAL '6 hours 15 minutes', '2026-04-23 13:45:00'),
('TR022', '2026-04-23 05:45:00', 'RT022', 'ST091', 'ST010', INTERVAL '6 hours 30 minutes', '2026-04-23 12:15:00'),
('TR023', '2026-04-23 05:00:00', 'RT023', 'ST018', 'ST039', INTERVAL '5 hours 0 minutes', '2026-04-23 10:00:00'),
('TR024', '2026-04-23 06:00:00', 'RT024', 'ST095', 'ST097', INTERVAL '8 hours 0 minutes', '2026-04-23 14:00:00'),
('TR025', '2026-04-23 08:00:00', 'RT025', 'ST099', 'ST100', INTERVAL '2 hours 15 minutes', '2026-04-23 10:15:00'),
('TR026', '2026-04-23 06:00:00', 'RT026', 'ST067', 'ST075', INTERVAL '7 hours 0 minutes', '2026-04-23 13:00:00'),
('TR027', '2026-04-23 05:30:00', 'RT027', 'ST069', 'ST071', INTERVAL '9 hours 0 minutes', '2026-04-23 14:30:00'),
('TR028', '2026-04-23 08:00:00', 'RT028', 'ST020', 'ST084', INTERVAL '4 hours 30 minutes', '2026-04-23 12:30:00'),
('TR029', '2026-04-23 10:00:00', 'RT029', 'ST100', 'ST078', INTERVAL '3 hours 0 minutes', '2026-04-23 13:00:00'),
('TR030', '2026-04-23 06:00:00', 'RT030', 'ST091', 'ST094', INTERVAL '7 hours 0 minutes', '2026-04-23 13:00:00'),
('TR031', '2026-04-23 07:00:00', 'RT031', 'ST061', 'ST011', INTERVAL '1 hours 0 minutes', '2026-04-23 08:00:00'),
('TR032', '2026-04-23 10:00:00', 'RT032', 'ST043', 'ST046', INTERVAL '4 hours 15 minutes', '2026-04-23 14:15:00'),
('TR033', '2026-04-23 13:00:00', 'RT033', 'ST021', 'ST092', INTERVAL '3 hours 0 minutes', '2026-04-23 16:00:00'),
('TR034', '2026-04-23 09:00:00', 'RT034', 'ST095', 'ST096', INTERVAL '0 hours 45 minutes', '2026-04-23 09:45:00'),
('TR035', '2026-04-23 06:00:00', 'RT035', 'ST010', 'ST094', INTERVAL '4 hours 0 minutes', '2026-04-23 10:00:00'),
('TR001', '2026-04-24 16:30:00', 'RT001', 'ST001', 'ST004', INTERVAL '15 hours 45 minutes', '2026-04-25 08:15:00'),
('TR002', '2026-04-24 06:00:00', 'RT002', 'ST001', 'ST003', INTERVAL '2 hours 30 minutes', '2026-04-24 08:30:00'),
('TR003', '2026-04-24 23:10:00', 'RT003', 'ST004', 'ST006', INTERVAL '6 hours 40 minutes', '2026-04-25 05:50:00'),
('TR004', '2026-04-24 07:30:00', 'RT004', 'ST007', 'ST009', INTERVAL '5 hours 30 minutes', '2026-04-24 13:00:00'),
('TR005', '2026-04-24 17:20:00', 'RT005', 'ST010', 'ST012', INTERVAL '3 hours 10 minutes', '2026-04-24 20:30:00'),
('TR006', '2026-04-24 06:10:00', 'RT006', 'ST001', 'ST019', INTERVAL '6 hours 30 minutes', '2026-04-24 12:40:00'),
('TR007', '2026-04-24 17:10:00', 'RT007', 'ST001', 'ST020', INTERVAL '11 hours 30 minutes', '2026-04-25 04:40:00'),
('TR008', '2026-04-24 06:40:00', 'RT008', 'ST013', 'ST014', INTERVAL '2 hours 40 minutes', '2026-04-24 09:20:00'),
('TR009', '2026-04-24 14:30:00', 'RT009', 'ST008', 'ST031', INTERVAL '7 hours 20 minutes', '2026-04-24 21:50:00'),
('TR010', '2026-04-24 15:55:00', 'RT010', 'ST016', 'ST010', INTERVAL '25 hours 50 minutes', '2026-04-25 17:45:00'),
('TR011', '2026-04-24 14:30:00', 'RT011', 'ST001', 'ST022', INTERVAL '5 hours 0 minutes', '2026-04-24 19:30:00'),
('TR012', '2026-04-24 20:00:00', 'RT012', 'ST010', 'ST039', INTERVAL '8 hours 30 minutes', '2026-04-25 04:30:00'),
('TR013', '2026-04-24 14:40:00', 'RT013', 'ST006', 'ST004', INTERVAL '6 hours 50 minutes', '2026-04-24 21:30:00'),
('TR014', '2026-04-24 09:15:00', 'RT014', 'ST009', 'ST025', INTERVAL '2 hours 30 minutes', '2026-04-24 11:45:00'),
('TR015', '2026-04-24 13:50:00', 'RT015', 'ST001', 'ST028', INTERVAL '4 hours 55 minutes', '2026-04-24 18:45:00'),
('TR016', '2026-04-24 16:00:00', 'RT016', 'ST049', 'ST007', INTERVAL '16 hours 45 minutes', '2026-04-25 08:45:00'),
('TR017', '2026-04-24 08:00:00', 'RT017', 'ST041', 'ST044', INTERVAL '12 hours 0 minutes', '2026-04-24 20:00:00'),
('TR018', '2026-04-24 05:45:00', 'RT018', 'ST087', 'ST090', INTERVAL '6 hours 45 minutes', '2026-04-24 12:30:00'),
('TR019', '2026-04-24 06:15:00', 'RT019', 'ST069', 'ST097', INTERVAL '6 hours 45 minutes', '2026-04-24 13:00:00'),
('TR020', '2026-04-24 06:00:00', 'RT020', 'ST063', 'ST066', INTERVAL '7 hours 30 minutes', '2026-04-24 13:30:00'),
('TR021', '2026-04-24 07:30:00', 'RT021', 'ST059', 'ST011', INTERVAL '6 hours 15 minutes', '2026-04-24 13:45:00'),
('TR022', '2026-04-24 05:45:00', 'RT022', 'ST091', 'ST010', INTERVAL '6 hours 30 minutes', '2026-04-24 12:15:00'),
('TR023', '2026-04-24 05:00:00', 'RT023', 'ST018', 'ST039', INTERVAL '5 hours 0 minutes', '2026-04-24 10:00:00'),
('TR024', '2026-04-24 06:00:00', 'RT024', 'ST095', 'ST097', INTERVAL '8 hours 0 minutes', '2026-04-24 14:00:00'),
('TR025', '2026-04-24 08:00:00', 'RT025', 'ST099', 'ST100', INTERVAL '2 hours 15 minutes', '2026-04-24 10:15:00'),
('TR026', '2026-04-24 06:00:00', 'RT026', 'ST067', 'ST075', INTERVAL '7 hours 0 minutes', '2026-04-24 13:00:00'),
('TR027', '2026-04-24 05:30:00', 'RT027', 'ST069', 'ST071', INTERVAL '9 hours 0 minutes', '2026-04-24 14:30:00'),
('TR028', '2026-04-24 08:00:00', 'RT028', 'ST020', 'ST084', INTERVAL '4 hours 30 minutes', '2026-04-24 12:30:00'),
('TR029', '2026-04-24 10:00:00', 'RT029', 'ST100', 'ST078', INTERVAL '3 hours 0 minutes', '2026-04-24 13:00:00'),
('TR030', '2026-04-24 06:00:00', 'RT030', 'ST091', 'ST094', INTERVAL '7 hours 0 minutes', '2026-04-24 13:00:00'),
('TR031', '2026-04-24 07:00:00', 'RT031', 'ST061', 'ST011', INTERVAL '1 hours 0 minutes', '2026-04-24 08:00:00'),
('TR032', '2026-04-24 10:00:00', 'RT032', 'ST043', 'ST046', INTERVAL '4 hours 15 minutes', '2026-04-24 14:15:00'),
('TR033', '2026-04-24 13:00:00', 'RT033', 'ST021', 'ST092', INTERVAL '3 hours 0 minutes', '2026-04-24 16:00:00'),
('TR034', '2026-04-24 09:00:00', 'RT034', 'ST095', 'ST096', INTERVAL '0 hours 45 minutes', '2026-04-24 09:45:00'),
('TR035', '2026-04-24 06:00:00', 'RT035', 'ST010', 'ST094', INTERVAL '4 hours 0 minutes', '2026-04-24 10:00:00'),
('TR001', '2026-04-25 16:30:00', 'RT001', 'ST001', 'ST004', INTERVAL '15 hours 45 minutes', '2026-04-26 08:15:00'),
('TR002', '2026-04-25 06:00:00', 'RT002', 'ST001', 'ST003', INTERVAL '2 hours 30 minutes', '2026-04-25 08:30:00'),
('TR003', '2026-04-25 23:10:00', 'RT003', 'ST004', 'ST006', INTERVAL '6 hours 40 minutes', '2026-04-26 05:50:00'),
('TR004', '2026-04-25 07:30:00', 'RT004', 'ST007', 'ST009', INTERVAL '5 hours 30 minutes', '2026-04-25 13:00:00'),
('TR005', '2026-04-25 17:20:00', 'RT005', 'ST010', 'ST012', INTERVAL '3 hours 10 minutes', '2026-04-25 20:30:00'),
('TR006', '2026-04-25 06:10:00', 'RT006', 'ST001', 'ST019', INTERVAL '6 hours 30 minutes', '2026-04-25 12:40:00'),
('TR007', '2026-04-25 17:10:00', 'RT007', 'ST001', 'ST020', INTERVAL '11 hours 30 minutes', '2026-04-26 04:40:00'),
('TR008', '2026-04-25 06:40:00', 'RT008', 'ST013', 'ST014', INTERVAL '2 hours 40 minutes', '2026-04-25 09:20:00'),
('TR009', '2026-04-25 14:30:00', 'RT009', 'ST008', 'ST031', INTERVAL '7 hours 20 minutes', '2026-04-25 21:50:00'),
('TR010', '2026-04-25 15:55:00', 'RT010', 'ST016', 'ST010', INTERVAL '25 hours 50 minutes', '2026-04-26 17:45:00'),
('TR011', '2026-04-25 14:30:00', 'RT011', 'ST001', 'ST022', INTERVAL '5 hours 0 minutes', '2026-04-25 19:30:00'),
('TR012', '2026-04-25 20:00:00', 'RT012', 'ST010', 'ST039', INTERVAL '8 hours 30 minutes', '2026-04-26 04:30:00'),
('TR013', '2026-04-25 14:40:00', 'RT013', 'ST006', 'ST004', INTERVAL '6 hours 50 minutes', '2026-04-25 21:30:00'),
('TR014', '2026-04-25 09:15:00', 'RT014', 'ST009', 'ST025', INTERVAL '2 hours 30 minutes', '2026-04-25 11:45:00'),
('TR015', '2026-04-25 13:50:00', 'RT015', 'ST001', 'ST028', INTERVAL '4 hours 55 minutes', '2026-04-25 18:45:00'),
('TR016', '2026-04-25 16:00:00', 'RT016', 'ST049', 'ST007', INTERVAL '16 hours 45 minutes', '2026-04-26 08:45:00'),
('TR017', '2026-04-25 08:00:00', 'RT017', 'ST041', 'ST044', INTERVAL '12 hours 0 minutes', '2026-04-25 20:00:00'),
('TR018', '2026-04-25 05:45:00', 'RT018', 'ST087', 'ST090', INTERVAL '6 hours 45 minutes', '2026-04-25 12:30:00'),
('TR019', '2026-04-25 06:15:00', 'RT019', 'ST069', 'ST097', INTERVAL '6 hours 45 minutes', '2026-04-25 13:00:00'),
('TR020', '2026-04-25 06:00:00', 'RT020', 'ST063', 'ST066', INTERVAL '7 hours 30 minutes', '2026-04-25 13:30:00'),
('TR021', '2026-04-25 07:30:00', 'RT021', 'ST059', 'ST011', INTERVAL '6 hours 15 minutes', '2026-04-25 13:45:00'),
('TR022', '2026-04-25 05:45:00', 'RT022', 'ST091', 'ST010', INTERVAL '6 hours 30 minutes', '2026-04-25 12:15:00'),
('TR023', '2026-04-25 05:00:00', 'RT023', 'ST018', 'ST039', INTERVAL '5 hours 0 minutes', '2026-04-25 10:00:00'),
('TR024', '2026-04-25 06:00:00', 'RT024', 'ST095', 'ST097', INTERVAL '8 hours 0 minutes', '2026-04-25 14:00:00'),
('TR025', '2026-04-25 08:00:00', 'RT025', 'ST099', 'ST100', INTERVAL '2 hours 15 minutes', '2026-04-25 10:15:00'),
('TR026', '2026-04-25 06:00:00', 'RT026', 'ST067', 'ST075', INTERVAL '7 hours 0 minutes', '2026-04-25 13:00:00'),
('TR027', '2026-04-25 05:30:00', 'RT027', 'ST069', 'ST071', INTERVAL '9 hours 0 minutes', '2026-04-25 14:30:00'),
('TR028', '2026-04-25 08:00:00', 'RT028', 'ST020', 'ST084', INTERVAL '4 hours 30 minutes', '2026-04-25 12:30:00'),
('TR029', '2026-04-25 10:00:00', 'RT029', 'ST100', 'ST078', INTERVAL '3 hours 0 minutes', '2026-04-25 13:00:00'),
('TR030', '2026-04-25 06:00:00', 'RT030', 'ST091', 'ST094', INTERVAL '7 hours 0 minutes', '2026-04-25 13:00:00'),
('TR031', '2026-04-25 07:00:00', 'RT031', 'ST061', 'ST011', INTERVAL '1 hours 0 minutes', '2026-04-25 08:00:00'),
('TR032', '2026-04-25 10:00:00', 'RT032', 'ST043', 'ST046', INTERVAL '4 hours 15 minutes', '2026-04-25 14:15:00'),
('TR033', '2026-04-25 13:00:00', 'RT033', 'ST021', 'ST092', INTERVAL '3 hours 0 minutes', '2026-04-25 16:00:00'),
('TR034', '2026-04-25 09:00:00', 'RT034', 'ST095', 'ST096', INTERVAL '0 hours 45 minutes', '2026-04-25 09:45:00'),
('TR035', '2026-04-25 06:00:00', 'RT035', 'ST010', 'ST094', INTERVAL '4 hours 0 minutes', '2026-04-25 10:00:00'),
('TR001', '2026-04-26 16:30:00', 'RT001', 'ST001', 'ST004', INTERVAL '15 hours 45 minutes', '2026-04-27 08:15:00'),
('TR002', '2026-04-26 06:00:00', 'RT002', 'ST001', 'ST003', INTERVAL '2 hours 30 minutes', '2026-04-26 08:30:00'),
('TR003', '2026-04-26 23:10:00', 'RT003', 'ST004', 'ST006', INTERVAL '6 hours 40 minutes', '2026-04-27 05:50:00'),
('TR004', '2026-04-26 07:30:00', 'RT004', 'ST007', 'ST009', INTERVAL '5 hours 30 minutes', '2026-04-26 13:00:00'),
('TR005', '2026-04-26 17:20:00', 'RT005', 'ST010', 'ST012', INTERVAL '3 hours 10 minutes', '2026-04-26 20:30:00'),
('TR006', '2026-04-26 06:10:00', 'RT006', 'ST001', 'ST019', INTERVAL '6 hours 30 minutes', '2026-04-26 12:40:00'),
('TR007', '2026-04-26 17:10:00', 'RT007', 'ST001', 'ST020', INTERVAL '11 hours 30 minutes', '2026-04-27 04:40:00'),
('TR008', '2026-04-26 06:40:00', 'RT008', 'ST013', 'ST014', INTERVAL '2 hours 40 minutes', '2026-04-26 09:20:00'),
('TR009', '2026-04-26 14:30:00', 'RT009', 'ST008', 'ST031', INTERVAL '7 hours 20 minutes', '2026-04-26 21:50:00'),
('TR010', '2026-04-26 15:55:00', 'RT010', 'ST016', 'ST010', INTERVAL '25 hours 50 minutes', '2026-04-27 17:45:00'),
('TR011', '2026-04-26 14:30:00', 'RT011', 'ST001', 'ST022', INTERVAL '5 hours 0 minutes', '2026-04-26 19:30:00'),
('TR012', '2026-04-26 20:00:00', 'RT012', 'ST010', 'ST039', INTERVAL '8 hours 30 minutes', '2026-04-27 04:30:00'),
('TR013', '2026-04-26 14:40:00', 'RT013', 'ST006', 'ST004', INTERVAL '6 hours 50 minutes', '2026-04-26 21:30:00'),
('TR014', '2026-04-26 09:15:00', 'RT014', 'ST009', 'ST025', INTERVAL '2 hours 30 minutes', '2026-04-26 11:45:00'),
('TR015', '2026-04-26 13:50:00', 'RT015', 'ST001', 'ST028', INTERVAL '4 hours 55 minutes', '2026-04-26 18:45:00'),
('TR016', '2026-04-26 16:00:00', 'RT016', 'ST049', 'ST007', INTERVAL '16 hours 45 minutes', '2026-04-27 08:45:00'),
('TR017', '2026-04-26 08:00:00', 'RT017', 'ST041', 'ST044', INTERVAL '12 hours 0 minutes', '2026-04-26 20:00:00'),
('TR018', '2026-04-26 05:45:00', 'RT018', 'ST087', 'ST090', INTERVAL '6 hours 45 minutes', '2026-04-26 12:30:00'),
('TR019', '2026-04-26 06:15:00', 'RT019', 'ST069', 'ST097', INTERVAL '6 hours 45 minutes', '2026-04-26 13:00:00'),
('TR020', '2026-04-26 06:00:00', 'RT020', 'ST063', 'ST066', INTERVAL '7 hours 30 minutes', '2026-04-26 13:30:00'),
('TR021', '2026-04-26 07:30:00', 'RT021', 'ST059', 'ST011', INTERVAL '6 hours 15 minutes', '2026-04-26 13:45:00'),
('TR022', '2026-04-26 05:45:00', 'RT022', 'ST091', 'ST010', INTERVAL '6 hours 30 minutes', '2026-04-26 12:15:00'),
('TR023', '2026-04-26 05:00:00', 'RT023', 'ST018', 'ST039', INTERVAL '5 hours 0 minutes', '2026-04-26 10:00:00'),
('TR024', '2026-04-26 06:00:00', 'RT024', 'ST095', 'ST097', INTERVAL '8 hours 0 minutes', '2026-04-26 14:00:00'),
('TR025', '2026-04-26 08:00:00', 'RT025', 'ST099', 'ST100', INTERVAL '2 hours 15 minutes', '2026-04-26 10:15:00'),
('TR026', '2026-04-26 06:00:00', 'RT026', 'ST067', 'ST075', INTERVAL '7 hours 0 minutes', '2026-04-26 13:00:00'),
('TR027', '2026-04-26 05:30:00', 'RT027', 'ST069', 'ST071', INTERVAL '9 hours 0 minutes', '2026-04-26 14:30:00'),
('TR028', '2026-04-26 08:00:00', 'RT028', 'ST020', 'ST084', INTERVAL '4 hours 30 minutes', '2026-04-26 12:30:00'),
('TR029', '2026-04-26 10:00:00', 'RT029', 'ST100', 'ST078', INTERVAL '3 hours 0 minutes', '2026-04-26 13:00:00'),
('TR030', '2026-04-26 06:00:00', 'RT030', 'ST091', 'ST094', INTERVAL '7 hours 0 minutes', '2026-04-26 13:00:00'),
('TR031', '2026-04-26 07:00:00', 'RT031', 'ST061', 'ST011', INTERVAL '1 hours 0 minutes', '2026-04-26 08:00:00'),
('TR032', '2026-04-26 10:00:00', 'RT032', 'ST043', 'ST046', INTERVAL '4 hours 15 minutes', '2026-04-26 14:15:00'),
('TR033', '2026-04-26 13:00:00', 'RT033', 'ST021', 'ST092', INTERVAL '3 hours 0 minutes', '2026-04-26 16:00:00'),
('TR034', '2026-04-26 09:00:00', 'RT034', 'ST095', 'ST096', INTERVAL '0 hours 45 minutes', '2026-04-26 09:45:00'),
('TR035', '2026-04-26 06:00:00', 'RT035', 'ST010', 'ST094', INTERVAL '4 hours 0 minutes', '2026-04-26 10:00:00'),
('TR001', '2026-04-27 16:30:00', 'RT001', 'ST001', 'ST004', INTERVAL '15 hours 45 minutes', '2026-04-28 08:15:00'),
('TR002', '2026-04-27 06:00:00', 'RT002', 'ST001', 'ST003', INTERVAL '2 hours 30 minutes', '2026-04-27 08:30:00'),
('TR003', '2026-04-27 23:10:00', 'RT003', 'ST004', 'ST006', INTERVAL '6 hours 40 minutes', '2026-04-28 05:50:00'),
('TR004', '2026-04-27 07:30:00', 'RT004', 'ST007', 'ST009', INTERVAL '5 hours 30 minutes', '2026-04-27 13:00:00'),
('TR005', '2026-04-27 17:20:00', 'RT005', 'ST010', 'ST012', INTERVAL '3 hours 10 minutes', '2026-04-27 20:30:00'),
('TR006', '2026-04-27 06:10:00', 'RT006', 'ST001', 'ST019', INTERVAL '6 hours 30 minutes', '2026-04-27 12:40:00'),
('TR007', '2026-04-27 17:10:00', 'RT007', 'ST001', 'ST020', INTERVAL '11 hours 30 minutes', '2026-04-28 04:40:00'),
('TR008', '2026-04-27 06:40:00', 'RT008', 'ST013', 'ST014', INTERVAL '2 hours 40 minutes', '2026-04-27 09:20:00'),
('TR009', '2026-04-27 14:30:00', 'RT009', 'ST008', 'ST031', INTERVAL '7 hours 20 minutes', '2026-04-27 21:50:00'),
('TR010', '2026-04-27 15:55:00', 'RT010', 'ST016', 'ST010', INTERVAL '25 hours 50 minutes', '2026-04-28 17:45:00'),
('TR011', '2026-04-27 14:30:00', 'RT011', 'ST001', 'ST022', INTERVAL '5 hours 0 minutes', '2026-04-27 19:30:00'),
('TR012', '2026-04-27 20:00:00', 'RT012', 'ST010', 'ST039', INTERVAL '8 hours 30 minutes', '2026-04-28 04:30:00'),
('TR013', '2026-04-27 14:40:00', 'RT013', 'ST006', 'ST004', INTERVAL '6 hours 50 minutes', '2026-04-27 21:30:00'),
('TR014', '2026-04-27 09:15:00', 'RT014', 'ST009', 'ST025', INTERVAL '2 hours 30 minutes', '2026-04-27 11:45:00'),
('TR015', '2026-04-27 13:50:00', 'RT015', 'ST001', 'ST028', INTERVAL '4 hours 55 minutes', '2026-04-27 18:45:00'),
('TR016', '2026-04-27 16:00:00', 'RT016', 'ST049', 'ST007', INTERVAL '16 hours 45 minutes', '2026-04-28 08:45:00'),
('TR017', '2026-04-27 08:00:00', 'RT017', 'ST041', 'ST044', INTERVAL '12 hours 0 minutes', '2026-04-27 20:00:00'),
('TR018', '2026-04-27 05:45:00', 'RT018', 'ST087', 'ST090', INTERVAL '6 hours 45 minutes', '2026-04-27 12:30:00'),
('TR019', '2026-04-27 06:15:00', 'RT019', 'ST069', 'ST097', INTERVAL '6 hours 45 minutes', '2026-04-27 13:00:00'),
('TR020', '2026-04-27 06:00:00', 'RT020', 'ST063', 'ST066', INTERVAL '7 hours 30 minutes', '2026-04-27 13:30:00'),
('TR021', '2026-04-27 07:30:00', 'RT021', 'ST059', 'ST011', INTERVAL '6 hours 15 minutes', '2026-04-27 13:45:00'),
('TR022', '2026-04-27 05:45:00', 'RT022', 'ST091', 'ST010', INTERVAL '6 hours 30 minutes', '2026-04-27 12:15:00'),
('TR023', '2026-04-27 05:00:00', 'RT023', 'ST018', 'ST039', INTERVAL '5 hours 0 minutes', '2026-04-27 10:00:00'),
('TR024', '2026-04-27 06:00:00', 'RT024', 'ST095', 'ST097', INTERVAL '8 hours 0 minutes', '2026-04-27 14:00:00'),
('TR025', '2026-04-27 08:00:00', 'RT025', 'ST099', 'ST100', INTERVAL '2 hours 15 minutes', '2026-04-27 10:15:00'),
('TR026', '2026-04-27 06:00:00', 'RT026', 'ST067', 'ST075', INTERVAL '7 hours 0 minutes', '2026-04-27 13:00:00'),
('TR027', '2026-04-27 05:30:00', 'RT027', 'ST069', 'ST071', INTERVAL '9 hours 0 minutes', '2026-04-27 14:30:00'),
('TR028', '2026-04-27 08:00:00', 'RT028', 'ST020', 'ST084', INTERVAL '4 hours 30 minutes', '2026-04-27 12:30:00'),
('TR029', '2026-04-27 10:00:00', 'RT029', 'ST100', 'ST078', INTERVAL '3 hours 0 minutes', '2026-04-27 13:00:00'),
('TR030', '2026-04-27 06:00:00', 'RT030', 'ST091', 'ST094', INTERVAL '7 hours 0 minutes', '2026-04-27 13:00:00'),
('TR031', '2026-04-27 07:00:00', 'RT031', 'ST061', 'ST011', INTERVAL '1 hours 0 minutes', '2026-04-27 08:00:00'),
('TR032', '2026-04-27 10:00:00', 'RT032', 'ST043', 'ST046', INTERVAL '4 hours 15 minutes', '2026-04-27 14:15:00'),
('TR033', '2026-04-27 13:00:00', 'RT033', 'ST021', 'ST092', INTERVAL '3 hours 0 minutes', '2026-04-27 16:00:00'),
('TR034', '2026-04-27 09:00:00', 'RT034', 'ST095', 'ST096', INTERVAL '0 hours 45 minutes', '2026-04-27 09:45:00'),
('TR035', '2026-04-27 06:00:00', 'RT035', 'ST010', 'ST094', INTERVAL '4 hours 0 minutes', '2026-04-27 10:00:00'),
('TR001', '2026-04-28 16:30:00', 'RT001', 'ST001', 'ST004', INTERVAL '15 hours 45 minutes', '2026-04-29 08:15:00'),
('TR002', '2026-04-28 06:00:00', 'RT002', 'ST001', 'ST003', INTERVAL '2 hours 30 minutes', '2026-04-28 08:30:00'),
('TR003', '2026-04-28 23:10:00', 'RT003', 'ST004', 'ST006', INTERVAL '6 hours 40 minutes', '2026-04-29 05:50:00'),
('TR004', '2026-04-28 07:30:00', 'RT004', 'ST007', 'ST009', INTERVAL '5 hours 30 minutes', '2026-04-28 13:00:00'),
('TR005', '2026-04-28 17:20:00', 'RT005', 'ST010', 'ST012', INTERVAL '3 hours 10 minutes', '2026-04-28 20:30:00'),
('TR006', '2026-04-28 06:10:00', 'RT006', 'ST001', 'ST019', INTERVAL '6 hours 30 minutes', '2026-04-28 12:40:00'),
('TR007', '2026-04-28 17:10:00', 'RT007', 'ST001', 'ST020', INTERVAL '11 hours 30 minutes', '2026-04-29 04:40:00'),
('TR008', '2026-04-28 06:40:00', 'RT008', 'ST013', 'ST014', INTERVAL '2 hours 40 minutes', '2026-04-28 09:20:00'),
('TR009', '2026-04-28 14:30:00', 'RT009', 'ST008', 'ST031', INTERVAL '7 hours 20 minutes', '2026-04-28 21:50:00'),
('TR010', '2026-04-28 15:55:00', 'RT010', 'ST016', 'ST010', INTERVAL '25 hours 50 minutes', '2026-04-29 17:45:00'),
('TR011', '2026-04-28 14:30:00', 'RT011', 'ST001', 'ST022', INTERVAL '5 hours 0 minutes', '2026-04-28 19:30:00'),
('TR012', '2026-04-28 20:00:00', 'RT012', 'ST010', 'ST039', INTERVAL '8 hours 30 minutes', '2026-04-29 04:30:00'),
('TR013', '2026-04-28 14:40:00', 'RT013', 'ST006', 'ST004', INTERVAL '6 hours 50 minutes', '2026-04-28 21:30:00'),
('TR014', '2026-04-28 09:15:00', 'RT014', 'ST009', 'ST025', INTERVAL '2 hours 30 minutes', '2026-04-28 11:45:00'),
('TR015', '2026-04-28 13:50:00', 'RT015', 'ST001', 'ST028', INTERVAL '4 hours 55 minutes', '2026-04-28 18:45:00'),
('TR016', '2026-04-28 16:00:00', 'RT016', 'ST049', 'ST007', INTERVAL '16 hours 45 minutes', '2026-04-29 08:45:00'),
('TR017', '2026-04-28 08:00:00', 'RT017', 'ST041', 'ST044', INTERVAL '12 hours 0 minutes', '2026-04-28 20:00:00'),
('TR018', '2026-04-28 05:45:00', 'RT018', 'ST087', 'ST090', INTERVAL '6 hours 45 minutes', '2026-04-28 12:30:00'),
('TR019', '2026-04-28 06:15:00', 'RT019', 'ST069', 'ST097', INTERVAL '6 hours 45 minutes', '2026-04-28 13:00:00'),
('TR020', '2026-04-28 06:00:00', 'RT020', 'ST063', 'ST066', INTERVAL '7 hours 30 minutes', '2026-04-28 13:30:00'),
('TR021', '2026-04-28 07:30:00', 'RT021', 'ST059', 'ST011', INTERVAL '6 hours 15 minutes', '2026-04-28 13:45:00'),
('TR022', '2026-04-28 05:45:00', 'RT022', 'ST091', 'ST010', INTERVAL '6 hours 30 minutes', '2026-04-28 12:15:00'),
('TR023', '2026-04-28 05:00:00', 'RT023', 'ST018', 'ST039', INTERVAL '5 hours 0 minutes', '2026-04-28 10:00:00'),
('TR024', '2026-04-28 06:00:00', 'RT024', 'ST095', 'ST097', INTERVAL '8 hours 0 minutes', '2026-04-28 14:00:00'),
('TR025', '2026-04-28 08:00:00', 'RT025', 'ST099', 'ST100', INTERVAL '2 hours 15 minutes', '2026-04-28 10:15:00'),
('TR026', '2026-04-28 06:00:00', 'RT026', 'ST067', 'ST075', INTERVAL '7 hours 0 minutes', '2026-04-28 13:00:00'),
('TR027', '2026-04-28 05:30:00', 'RT027', 'ST069', 'ST071', INTERVAL '9 hours 0 minutes', '2026-04-28 14:30:00'),
('TR028', '2026-04-28 08:00:00', 'RT028', 'ST020', 'ST084', INTERVAL '4 hours 30 minutes', '2026-04-28 12:30:00'),
('TR029', '2026-04-28 10:00:00', 'RT029', 'ST100', 'ST078', INTERVAL '3 hours 0 minutes', '2026-04-28 13:00:00'),
('TR030', '2026-04-28 06:00:00', 'RT030', 'ST091', 'ST094', INTERVAL '7 hours 0 minutes', '2026-04-28 13:00:00'),
('TR031', '2026-04-28 07:00:00', 'RT031', 'ST061', 'ST011', INTERVAL '1 hours 0 minutes', '2026-04-28 08:00:00'),
('TR032', '2026-04-28 10:00:00', 'RT032', 'ST043', 'ST046', INTERVAL '4 hours 15 minutes', '2026-04-28 14:15:00'),
('TR033', '2026-04-28 13:00:00', 'RT033', 'ST021', 'ST092', INTERVAL '3 hours 0 minutes', '2026-04-28 16:00:00'),
('TR034', '2026-04-28 09:00:00', 'RT034', 'ST095', 'ST096', INTERVAL '0 hours 45 minutes', '2026-04-28 09:45:00'),
('TR035', '2026-04-28 06:00:00', 'RT035', 'ST010', 'ST094', INTERVAL '4 hours 0 minutes', '2026-04-28 10:00:00');

-- 21. Payment table (Days 1–7): Transaction records for ticket bookings in the first week.
-- Methods include UPI, Card, NetBanking, and Wallet to simulate realistic payment patterns.
-- Each transaction_id maps to exactly one PNR, maintaining referential integrity.
INSERT INTO payment (transaction_id, amount, method, payment_time) VALUES
('TXN260415001', 3100.00, 'UPI', '2026-04-10 08:15:00'),
('TXN260415002', 1590.00, 'Credit Card', '2026-04-10 09:30:00'),
('TXN260415003', 620.00, 'Net Banking', '2026-04-10 10:45:00'),
('TXN260415004', 1920.00, 'UPI', '2026-04-10 11:20:00'),
('TXN260415005', 585.00, 'Debit Card', '2026-04-10 13:05:00'),
('TXN260415006', 2625.00, 'Credit Card', '2026-04-10 14:50:00'),
('TXN260415007', 2400.00, 'UPI', '2026-04-10 16:10:00'),
('TXN260415008', 620.00, 'Net Banking', '2026-04-10 17:25:00'),
('TXN260415009', 1488.00, 'Debit Card', '2026-04-10 18:40:00'),
('TXN260415010', 950.00, 'UPI', '2026-04-10 20:15:00'),
('TXN260415011', 1280.00, 'Credit Card', '2026-04-10 21:30:00'),
('TXN260415012', 1530.00, 'UPI', '2026-04-10 22:45:00'),
('TXN260415013', 2280.00, 'Net Banking', '2026-04-10 23:10:00'),
('TXN260415014', 390.00, 'UPI', '2026-04-10 23:45:00'),
('TXN260415015', 1860.00, 'Credit Card', '2026-04-10 23:55:00'),
('TXN260416001', 4650.00, 'Credit Card', '2026-04-11 07:15:00'),
('TXN260416002', 795.00, 'UPI', '2026-04-11 08:30:00'),
('TXN260416003', 1240.00, 'Debit Card', '2026-04-11 09:45:00'),
('TXN260416004', 960.00, 'Net Banking', '2026-04-11 11:20:00'),
('TXN260416005', 390.00, 'UPI', '2026-04-11 13:05:00'),
('TXN260416006', 1750.00, 'Credit Card', '2026-04-11 14:50:00'),
('TXN260416007', 3600.00, 'UPI', '2026-04-11 16:10:00'),
('TXN260416008', 930.00, 'Debit Card', '2026-04-11 17:25:00'),
('TXN260416009', 496.00, 'UPI', '2026-04-11 18:40:00'),
('TXN260416010', 1900.00, 'Credit Card', '2026-04-11 20:15:00'),
('TXN260416011', 640.00, 'Net Banking', '2026-04-11 21:30:00'),
('TXN260416012', 1020.00, 'UPI', '2026-04-11 22:45:00'),
('TXN260416013', 1520.00, 'Credit Card', '2026-04-11 23:10:00'),
('TXN260416014', 585.00, 'UPI', '2026-04-11 23:45:00'),
('TXN260416015', 1240.00, 'Debit Card', '2026-04-11 23:55:00'),
('TXN260417001', 1550.00, 'UPI', '2026-04-12 08:10:00'),
('TXN260417002', 2385.00, 'Net Banking', '2026-04-12 09:25:00'),
('TXN260417003', 1860.00, 'Credit Card', '2026-04-12 10:40:00'),
('TXN260417004', 1440.00, 'UPI', '2026-04-12 11:15:00'),
('TXN260417005', 195.00, 'Debit Card', '2026-04-12 12:50:00'),
('TXN260417006', 875.00, 'UPI', '2026-04-12 14:35:00'),
('TXN260417007', 1200.00, 'Credit Card', '2026-04-12 16:20:00'),
('TXN260417008', 310.00, 'Net Banking', '2026-04-12 17:40:00'),
('TXN260417009', 992.00, 'UPI', '2026-04-12 18:55:00'),
('TXN260417010', 2850.00, 'Credit Card', '2026-04-12 20:10:00'),
('TXN260417011', 960.00, 'Debit Card', '2026-04-12 21:25:00'),
('TXN260417012', 510.00, 'UPI', '2026-04-12 22:40:00'),
('TXN260417013', 760.00, 'Credit Card', '2026-04-12 23:05:00'),
('TXN260417014', 390.00, 'Net Banking', '2026-04-12 23:35:00'),
('TXN260417015', 1860.00, 'UPI', '2026-04-12 23:50:00'),
('TXN260418001', 3100.00, 'Credit Card', '2026-04-13 07:05:00'),
('TXN260418002', 1590.00, 'UPI', '2026-04-13 08:20:00'),
('TXN260418003', 620.00, 'Debit Card', '2026-04-13 09:35:00'),
('TXN260418004', 1920.00, 'UPI', '2026-04-13 11:10:00'),
('TXN260418005', 585.00, 'Net Banking', '2026-04-13 12:45:00'),
('TXN260418006', 2625.00, 'Credit Card', '2026-04-13 14:30:00'),
('TXN260418007', 2400.00, 'UPI', '2026-04-13 16:05:00'),
('TXN260418008', 620.00, 'Debit Card', '2026-04-13 17:20:00'),
('TXN260418009', 1488.00, 'UPI', '2026-04-13 18:35:00'),
('TXN260418010', 950.00, 'Credit Card', '2026-04-13 20:10:00'),
('TXN260418011', 1280.00, 'Net Banking', '2026-04-13 21:25:00'),
('TXN260418012', 1530.00, 'UPI', '2026-04-13 22:40:00'),
('TXN260418013', 2280.00, 'Credit Card', '2026-04-13 23:05:00'),
('TXN260418014', 390.00, 'UPI', '2026-04-13 23:40:00'),
('TXN260418015', 1860.00, 'Debit Card', '2026-04-13 23:55:00'),
('TXN260419001', 4650.00, 'UPI', '2026-04-14 08:15:00'),
('TXN260419002', 795.00, 'Net Banking', '2026-04-14 09:30:00'),
('TXN260419003', 1240.00, 'Credit Card', '2026-04-14 10:45:00'),
('TXN260419004', 960.00, 'UPI', '2026-04-14 11:20:00'),
('TXN260419005', 390.00, 'Debit Card', '2026-04-14 13:05:00'),
('TXN260419006', 1750.00, 'UPI', '2026-04-14 14:50:00'),
('TXN260419007', 3600.00, 'Credit Card', '2026-04-14 16:10:00'),
('TXN260419008', 930.00, 'Net Banking', '2026-04-14 17:25:00'),
('TXN260419009', 496.00, 'UPI', '2026-04-14 18:40:00'),
('TXN260419010', 1900.00, 'Credit Card', '2026-04-14 20:15:00'),
('TXN260419011', 640.00, 'Debit Card', '2026-04-14 21:30:00'),
('TXN260419012', 1020.00, 'UPI', '2026-04-14 22:45:00'),
('TXN260419013', 1520.00, 'Credit Card', '2026-04-14 23:10:00'),
('TXN260419014', 585.00, 'Net Banking', '2026-04-14 23:45:00'),
('TXN260419015', 1240.00, 'UPI', '2026-04-14 23:55:00'),
('TXN260420001', 1550.00, 'Credit Card', '2026-04-15 07:15:00'),
('TXN260420002', 2385.00, 'UPI', '2026-04-15 08:30:00'),
('TXN260420003', 1860.00, 'Debit Card', '2026-04-15 09:45:00'),
('TXN260420004', 1440.00, 'UPI', '2026-04-15 11:20:00'),
('TXN260420005', 195.00, 'Net Banking', '2026-04-15 13:05:00'),
('TXN260420006', 875.00, 'Credit Card', '2026-04-15 14:50:00'),
('TXN260420007', 1200.00, 'UPI', '2026-04-15 16:10:00'),
('TXN260420008', 310.00, 'Debit Card', '2026-04-15 17:25:00'),
('TXN260420009', 992.00, 'UPI', '2026-04-15 18:40:00'),
('TXN260420010', 2850.00, 'Credit Card', '2026-04-15 20:15:00'),
('TXN260420011', 960.00, 'Net Banking', '2026-04-15 21:30:00'),
('TXN260420012', 510.00, 'UPI', '2026-04-15 22:45:00'),
('TXN260420013', 760.00, 'Credit Card', '2026-04-15 23:10:00'),
('TXN260420014', 390.00, 'UPI', '2026-04-15 23:45:00'),
('TXN260420015', 1860.00, 'Debit Card', '2026-04-15 23:55:00'),
('TXN260421001', 3100.00, 'UPI', '2026-04-16 08:10:00'),
('TXN260421002', 1590.00, 'Net Banking', '2026-04-16 09:25:00'),
('TXN260421003', 620.00, 'Credit Card', '2026-04-16 10:40:00'),
('TXN260421004', 1920.00, 'UPI', '2026-04-16 11:15:00'),
('TXN260421005', 585.00, 'Debit Card', '2026-04-16 12:50:00'),
('TXN260421006', 2625.00, 'UPI', '2026-04-16 14:35:00'),
('TXN260421007', 2400.00, 'Credit Card', '2026-04-16 16:20:00'),
('TXN260421008', 620.00, 'Net Banking', '2026-04-16 17:40:00'),
('TXN260421009', 1488.00, 'UPI', '2026-04-16 18:55:00'),
('TXN260421010', 950.00, 'Credit Card', '2026-04-16 20:10:00'),
('TXN260421011', 1280.00, 'Debit Card', '2026-04-16 21:25:00'),
('TXN260421012', 1530.00, 'UPI', '2026-04-16 22:40:00'),
('TXN260421013', 2280.00, 'Credit Card', '2026-04-16 23:05:00'),
('TXN260421014', 390.00, 'Net Banking', '2026-04-16 23:35:00'),
('TXN260421015', 1860.00, 'UPI', '2026-04-16 23:50:00'),
('TXN260422001', 1200.00, 'UPI', '2026-04-18 10:00:00'), 
('TXN260422002', 3200.00, 'Credit Card', '2026-04-18 10:15:00'),
('TXN260422003', 4500.00, 'Net Banking', '2026-04-18 10:30:00'), 
('TXN260422004', 6400.00, 'UPI', '2026-04-18 10:45:00'),
('TXN260422005', 1200.00, 'Debit Card', '2026-04-18 11:00:00'),  
('TXN260422006', 3200.00, 'UPI', '2026-04-18 11:15:00'),
('TXN260422007', 4500.00, 'Credit Card', '2026-04-18 11:30:00'), 
('TXN260422008', 6400.00, 'Net Banking', '2026-04-18 11:45:00'),
('TXN260422009', 1200.00, 'UPI', '2026-04-18 12:00:00'), 
('TXN260422010', 3200.00, 'Debit Card', '2026-04-18 12:15:00'),
('TXN260422011', 4500.00, 'Credit Card', '2026-04-18 12:30:00'), 
('TXN260422012', 6400.00, 'UPI', '2026-04-18 12:45:00'),
('TXN260422013', 1200.00, 'Net Banking', '2026-04-18 13:00:00'), 
('TXN260422014', 3200.00, 'UPI', '2026-04-18 13:15:00'),
('TXN260422015', 4500.00, 'Credit Card', '2026-04-18 13:30:00'),
('TXN260423001', 6400.00, 'Debit Card', '2026-04-18 13:45:00'), 
('TXN260423002', 1200.00, 'UPI', '2026-04-19 10:00:00'),
('TXN260423003', 3200.00, 'Credit Card', '2026-04-19 10:15:00'),
('TXN260423004', 4500.00, 'Net Banking', '2026-04-19 10:30:00'),
('TXN260423005', 6400.00, 'UPI', '2026-04-19 10:45:00'), 
('TXN260423006', 1200.00, 'Debit Card', '2026-04-19 11:00:00'),
('TXN260423007', 3200.00, 'UPI', '2026-04-19 11:15:00'), 
('TXN260423008', 4500.00, 'Credit Card', '2026-04-19 11:30:00'),
('TXN260423009', 6400.00, 'Net Banking', '2026-04-19 11:45:00'), 
('TXN260423010', 1200.00, 'UPI', '2026-04-19 12:00:00'),
('TXN260423011', 3200.00, 'Debit Card', '2026-04-19 12:15:00'), 
('TXN260423012', 4500.00, 'Credit Card', '2026-04-19 12:30:00'),
('TXN260423013', 6400.00, 'UPI', '2026-04-19 12:45:00'), 
('TXN260423014', 1200.00, 'Net Banking', '2026-04-19 13:00:00'),
('TXN260424001', 3200.00, 'UPI', '2026-04-19 13:15:00'), 
('TXN260424002', 4500.00, 'Credit Card', '2026-04-20 10:00:00'),
('TXN260424003', 6400.00, 'Debit Card', '2026-04-20 10:15:00'), 
('TXN260424004', 1200.00, 'UPI', '2026-04-20 10:30:00'),
('TXN260424005', 3200.00, 'Credit Card', '2026-04-20 10:45:00'), 
('TXN260424006', 4500.00, 'Net Banking', '2026-04-20 11:00:00'),
('TXN260424007', 6400.00, 'UPI', '2026-04-20 11:15:00'), 
('TXN260424008', 1200.00, 'Debit Card', '2026-04-20 11:30:00'),
('TXN260424009', 3200.00, 'UPI', '2026-04-20 11:45:00'), 
('TXN260424010', 4500.00, 'Credit Card', '2026-04-20 12:00:00'),
('TXN260424011', 6400.00, 'Net Banking', '2026-04-20 12:15:00'), 
('TXN260424012', 1200.00, 'UPI', '2026-04-20 12:30:00'),
('TXN260424013', 3200.00, 'Debit Card', '2026-04-20 12:45:00'), 
('TXN260424014', 4500.00, 'Credit Card', '2026-04-20 13:00:00'),
('TXN260425001', 6400.00, 'UPI', '2026-04-20 13:15:00'), 
('TXN260425002', 1200.00, 'Net Banking', '2026-04-21 10:00:00'),
('TXN260425003', 3200.00, 'UPI', '2026-04-21 10:15:00'), 
('TXN260425004', 4500.00, 'Credit Card', '2026-04-21 10:30:00'),
('TXN260425005', 6400.00, 'Debit Card', '2026-04-21 10:45:00'), 
('TXN260425006', 1200.00, 'UPI', '2026-04-21 11:00:00'),
('TXN260425007', 3200.00, 'Credit Card', '2026-04-21 11:15:00'),
('TXN260425008', 4500.00, 'Net Banking', '2026-04-21 11:30:00'),
('TXN260425009', 6400.00, 'UPI', '2026-04-21 11:45:00'), 
('TXN260425010', 1200.00, 'Debit Card', '2026-04-21 12:00:00'),
('TXN260425011', 3200.00, 'UPI', '2026-04-21 12:15:00'), 
('TXN260425012', 4500.00, 'Credit Card', '2026-04-21 12:30:00'),
('TXN260425013', 6400.00, 'Net Banking', '2026-04-21 12:45:00'), 
('TXN260425014', 1200.00, 'UPI', '2026-04-21 13:00:00'),
('TXN260426001', 3200.00, 'Debit Card', '2026-04-21 13:15:00'), 
('TXN260426002', 4500.00, 'Credit Card', '2026-04-22 10:00:00'),
('TXN260426003', 6400.00, 'UPI', '2026-04-22 10:15:00'), 
('TXN260426004', 1200.00, 'Net Banking', '2026-04-22 10:30:00'),
('TXN260426005', 3200.00, 'UPI', '2026-04-22 10:45:00'), 
('TXN260426006', 4500.00, 'Credit Card', '2026-04-22 11:00:00'),
('TXN260426007', 6400.00, 'Debit Card', '2026-04-22 11:15:00'),
('TXN260426008', 1200.00, 'UPI', '2026-04-22 11:30:00'),
('TXN260426009', 3200.00, 'Credit Card', '2026-04-22 11:45:00'), 
('TXN260426010', 4500.00, 'Net Banking', '2026-04-22 12:00:00'),
('TXN260426011', 6400.00, 'UPI', '2026-04-22 12:15:00'), 
('TXN260426012', 1200.00, 'Debit Card', '2026-04-22 12:30:00'),
('TXN260426013', 3200.00, 'UPI', '2026-04-22 12:45:00'), 
('TXN260426014', 4500.00, 'Credit Card', '2026-04-22 13:00:00'),
('TXN260427001', 6400.00, 'Net Banking', '2026-04-22 13:15:00'), 
('TXN260427002', 1200.00, 'UPI', '2026-04-23 10:00:00'),
('TXN260427003', 3200.00, 'Debit Card', '2026-04-23 10:15:00'),
('TXN260427004', 4500.00, 'Credit Card', '2026-04-23 10:30:00'),
('TXN260427005', 6400.00, 'UPI', '2026-04-23 10:45:00'), 
('TXN260427006', 1200.00, 'Net Banking', '2026-04-23 11:00:00'),
('TXN260427007', 3200.00, 'UPI', '2026-04-23 11:15:00'), 
('TXN260427008', 4500.00, 'Credit Card', '2026-04-23 11:30:00'),
('TXN260427009', 6400.00, 'Debit Card', '2026-04-23 11:45:00'), 
('TXN260427010', 1200.00, 'UPI', '2026-04-23 12:00:00'),
('TXN260427011', 3200.00, 'Credit Card', '2026-04-23 12:15:00'), 
('TXN260427012', 4500.00, 'Net Banking', '2026-04-23 12:30:00'),
('TXN260427013', 6400.00, 'UPI', '2026-04-23 12:45:00'), 
('TXN260427014', 1200.00, 'Debit Card', '2026-04-24 10:00:00'),
('TXN260428001', 3200.00, 'UPI', '2026-04-24 10:15:00'), 
('TXN260428002', 4500.00, 'Credit Card', '2026-04-24 10:30:00'),
('TXN260428003', 6400.00, 'Net Banking', '2026-04-24 10:45:00'), 
('TXN260428004', 1200.00, 'UPI', '2026-04-24 11:00:00'),
('TXN260428005', 3200.00, 'Debit Card', '2026-04-24 11:15:00'), 
('TXN260428006', 4500.00, 'Credit Card', '2026-04-24 11:30:00'),
('TXN260428007', 6400.00, 'UPI', '2026-04-24 11:45:00'), 
('TXN260428008', 1200.00, 'Net Banking', '2026-04-24 12:00:00'),
('TXN260428009', 3200.00, 'UPI', '2026-04-24 12:15:00'), 
('TXN260428010', 4500.00, 'Credit Card', '2026-04-24 12:30:00'),
('TXN260428011', 6400.00, 'Debit Card', '2026-04-24 12:45:00'), 
('TXN260428012', 1200.00, 'UPI', '2026-04-25 10:00:00'),
('TXN260428013', 3200.00, 'Credit Card', '2026-04-25 10:15:00'), 
('TXN260428014', 4500.00, 'Net Banking', '2026-04-25 10:30:00'),
('TXN260428015', 6400.00, 'UPI', '2026-04-25 10:45:00');

-- 22. Tickets table (Days 1–7): Core booking records linking users to scheduled train runs.
-- Each PNR stores the boarding/destination station, schedule reference, and passenger count.
-- passenger_count > 1 indicates a group booking — individual passenger details follow below.
INSERT INTO tickets(pnr, user_id, transaction_id, boarding_station, destination_station, schedule_train_id, schedule_starting_ts, passenger_count, booking_ts) VALUES
('PNR15001', 'U001', 'TXN260415001', 'ST001', 'ST004', 'TR001', '2026-04-15 16:30:00', 2, '2026-04-10 08:16:00'),
('PNR15002', 'U002', 'TXN260415002', 'ST001', 'ST003', 'TR002', '2026-04-15 06:00:00', 2, '2026-04-10 09:31:00'),
('PNR15003', 'U003', 'TXN260415003', 'ST004', 'ST006', 'TR003', '2026-04-15 23:10:00', 1, '2026-04-10 10:46:00'),
('PNR15004', 'U004', 'TXN260415004', 'ST007', 'ST009', 'TR004', '2026-04-15 07:30:00', 4, '2026-04-10 11:21:00'),
('PNR15005', 'U005', 'TXN260415005', 'ST010', 'ST012', 'TR005', '2026-04-15 17:20:00', 3, '2026-04-10 13:06:00'),
('PNR15006', 'U006', 'TXN260415006', 'ST001', 'ST019', 'TR006', '2026-04-15 06:10:00', 3, '2026-04-10 14:51:00'),
('PNR15007', 'U007', 'TXN260415007', 'ST001', 'ST020', 'TR007', '2026-04-15 17:10:00', 2, '2026-04-10 16:11:00'),
('PNR15008', 'U008', 'TXN260415008', 'ST013', 'ST014', 'TR008', '2026-04-15 06:40:00', 2, '2026-04-10 17:26:00'),
('PNR15009', 'U009', 'TXN260415009', 'ST008', 'ST031', 'TR009', '2026-04-15 14:30:00', 3, '2026-04-10 18:41:00'),
('PNR15010', 'U010', 'TXN260415010', 'ST016', 'ST010', 'TR010', '2026-04-15 15:55:00', 1, '2026-04-10 20:16:00'),
('PNR15011', 'U011', 'TXN260415011', 'ST001', 'ST022', 'TR011', '2026-04-15 14:30:00', 4, '2026-04-10 21:31:00'),
('PNR15012', 'U012', 'TXN260415012', 'ST010', 'ST039', 'TR012', '2026-04-15 20:00:00', 3, '2026-04-10 22:46:00'),
('PNR15013', 'U013', 'TXN260415013', 'ST006', 'ST004', 'TR013', '2026-04-15 14:40:00', 3, '2026-04-10 23:11:00'),
('PNR15014', 'U014', 'TXN260415014', 'ST009', 'ST025', 'TR014', '2026-04-15 09:15:00', 2, '2026-04-10 23:46:00'),
('PNR15015', 'U015', 'TXN260415015', 'ST001', 'ST028', 'TR015', '2026-04-15 13:50:00', 3, '2026-04-10 23:56:00'),
('PNR16001', 'U016', 'TXN260416001', 'ST049', 'ST007', 'TR016', '2026-04-16 16:00:00', 3, '2026-04-11 07:16:00'),
('PNR16002', 'U017', 'TXN260416002', 'ST041', 'ST044', 'TR017', '2026-04-16 08:00:00', 1, '2026-04-11 08:31:00'),
('PNR16003', 'U018', 'TXN260416003', 'ST087', 'ST090', 'TR018', '2026-04-16 05:45:00', 2, '2026-04-11 09:46:00'),
('PNR16004', 'U019', 'TXN260416004', 'ST069', 'ST097', 'TR019', '2026-04-16 06:15:00', 3, '2026-04-11 11:21:00'),
('PNR16005', 'U020', 'TXN260416005', 'ST063', 'ST066', 'TR020', '2026-04-16 06:00:00', 1, '2026-04-11 13:06:00'),
('PNR16006', 'U021', 'TXN260416006', 'ST059', 'ST011', 'TR021', '2026-04-16 07:30:00', 2, '2026-04-11 14:51:00'),
('PNR16007', 'U022', 'TXN260416007', 'ST091', 'ST010', 'TR022', '2026-04-16 05:45:00', 3, '2026-04-11 16:11:00'),
('PNR16008', 'U023', 'TXN260416008', 'ST018', 'ST039', 'TR023', '2026-04-16 05:00:00', 2, '2026-04-11 17:26:00'),
('PNR16009', 'U024', 'TXN260416009', 'ST095', 'ST097', 'TR024', '2026-04-16 06:00:00', 1, '2026-04-11 18:41:00'),
('PNR16010', 'U025', 'TXN260416010', 'ST099', 'ST100', 'TR025', '2026-04-16 08:00:00', 2, '2026-04-11 20:16:00'),
('PNR16011', 'U026', 'TXN260416011', 'ST067', 'ST075', 'TR026', '2026-04-16 06:00:00', 2, '2026-04-11 21:31:00'),
('PNR16012', 'U027', 'TXN260416012', 'ST069', 'ST071', 'TR027', '2026-04-16 05:30:00', 3, '2026-04-11 22:46:00'),
('PNR16013', 'U028', 'TXN260416013', 'ST020', 'ST084', 'TR028', '2026-04-16 08:00:00', 3, '2026-04-11 23:11:00'),
('PNR16014', 'U029', 'TXN260416014', 'ST100', 'ST078', 'TR029', '2026-04-16 10:00:00', 3, '2026-04-11 23:46:00'),
('PNR16015', 'U030', 'TXN260416015', 'ST091', 'ST094', 'TR030', '2026-04-16 06:00:00', 2, '2026-04-11 23:56:00'),
('PNR17001', 'U031', 'TXN260417001', 'ST061', 'ST011', 'TR031', '2026-04-17 07:00:00', 1, '2026-04-12 08:11:00'),
('PNR17002', 'U032', 'TXN260417002', 'ST043', 'ST046', 'TR032', '2026-04-17 10:00:00', 3, '2026-04-12 09:26:00'),
('PNR17003', 'U033', 'TXN260417003', 'ST021', 'ST092', 'TR033', '2026-04-17 13:00:00', 2, '2026-04-12 10:41:00'),
('PNR17004', 'U034', 'TXN260417004', 'ST095', 'ST096', 'TR034', '2026-04-17 09:00:00', 2, '2026-04-12 11:16:00'),
('PNR17005', 'U035', 'TXN260417005', 'ST010', 'ST094', 'TR035', '2026-04-17 06:00:00', 1, '2026-04-12 12:51:00'),
('PNR17006', 'U036', 'TXN260417006', 'ST001', 'ST004', 'TR001', '2026-04-17 16:30:00', 1, '2026-04-12 14:36:00'),
('PNR17007', 'U037', 'TXN260417007', 'ST001', 'ST003', 'TR002', '2026-04-17 06:00:00', 2, '2026-04-12 16:21:00'),
('PNR17008', 'U038', 'TXN260417008', 'ST004', 'ST006', 'TR003', '2026-04-17 23:10:00', 1, '2026-04-12 17:41:00'),
('PNR17009', 'U039', 'TXN260417009', 'ST007', 'ST009', 'TR004', '2026-04-17 07:30:00', 2, '2026-04-12 18:56:00'),
('PNR17010', 'U040', 'TXN260417010', 'ST010', 'ST012', 'TR005', '2026-04-17 17:20:00', 3, '2026-04-12 20:11:00'),
('PNR17011', 'U041', 'TXN260417011', 'ST001', 'ST019', 'TR006', '2026-04-17 06:10:00', 3, '2026-04-12 21:26:00'),
('PNR17012', 'U042', 'TXN260417012', 'ST001', 'ST020', 'TR007', '2026-04-17 17:10:00', 1, '2026-04-12 22:41:00'),
('PNR17013', 'U043', 'TXN260417013', 'ST013', 'ST014', 'TR008', '2026-04-17 06:40:00', 2, '2026-04-12 23:06:00'),
('PNR17014', 'U044', 'TXN260417014', 'ST008', 'ST031', 'TR009', '2026-04-17 14:30:00', 1, '2026-04-12 23:36:00'),
('PNR17015', 'U045', 'TXN260417015', 'ST016', 'ST010', 'TR010', '2026-04-17 15:55:00', 2, '2026-04-12 23:51:00'),
('PNR18001', 'U046', 'TXN260418001', 'ST001', 'ST022', 'TR011', '2026-04-18 14:30:00', 2, '2026-04-13 07:06:00'),
('PNR18002', 'U047', 'TXN260418002', 'ST010', 'ST039', 'TR012', '2026-04-18 20:00:00', 3, '2026-04-13 08:21:00'),
('PNR18003', 'U048', 'TXN260418003', 'ST006', 'ST004', 'TR013', '2026-04-18 14:40:00', 1, '2026-04-13 09:36:00'),
('PNR18004', 'U049', 'TXN260418004', 'ST009', 'ST025', 'TR014', '2026-04-18 09:15:00', 3, '2026-04-13 11:11:00'),
('PNR18005', 'U050', 'TXN260418005', 'ST001', 'ST028', 'TR015', '2026-04-18 13:50:00', 3, '2026-04-13 12:46:00'),
('PNR18006', 'U001', 'TXN260418006', 'ST049', 'ST007', 'TR016', '2026-04-18 16:00:00', 1, '2026-04-13 14:31:00'),
('PNR18007', 'U002', 'TXN260418007', 'ST041', 'ST044', 'TR017', '2026-04-18 08:00:00', 2, '2026-04-13 16:06:00'),
('PNR18008', 'U003', 'TXN260418008', 'ST087', 'ST090', 'TR018', '2026-04-18 05:45:00', 2, '2026-04-13 17:21:00'),
('PNR18009', 'U004', 'TXN260418009', 'ST069', 'ST097', 'TR019', '2026-04-18 06:15:00', 3, '2026-04-13 18:36:00'),
('PNR18010', 'U005', 'TXN260418010', 'ST063', 'ST066', 'TR020', '2026-04-18 06:00:00', 1, '2026-04-13 20:11:00'),
('PNR18011', 'U006', 'TXN260418011', 'ST059', 'ST011', 'TR021', '2026-04-18 07:30:00', 2, '2026-04-13 21:26:00'),
('PNR18012', 'U007', 'TXN260418012', 'ST091', 'ST010', 'TR022', '2026-04-18 05:45:00', 3, '2026-04-13 22:41:00'),
('PNR18013', 'U008', 'TXN260418013', 'ST018', 'ST039', 'TR023', '2026-04-18 05:00:00', 3, '2026-04-13 23:06:00'),
('PNR18014', 'U009', 'TXN260418014', 'ST095', 'ST097', 'TR024', '2026-04-18 06:00:00', 1, '2026-04-13 23:41:00'),
('PNR18015', 'U010', 'TXN260418015', 'ST099', 'ST100', 'TR025', '2026-04-18 08:00:00', 2, '2026-04-13 23:56:00'),
('PNR19001', 'U011', 'TXN260419001', 'ST067', 'ST075', 'TR026', '2026-04-19 06:00:00', 2, '2026-04-14 08:16:00'),
('PNR19002', 'U012', 'TXN260419002', 'ST069', 'ST071', 'TR027', '2026-04-19 05:30:00', 3, '2026-04-14 09:31:00'),
('PNR19003', 'U013', 'TXN260419003', 'ST020', 'ST084', 'TR028', '2026-04-19 08:00:00', 3, '2026-04-14 10:46:00'),
('PNR19004', 'U014', 'TXN260419004', 'ST100', 'ST078', 'TR029', '2026-04-19 10:00:00', 2, '2026-04-14 11:21:00'),
('PNR19005', 'U015', 'TXN260419005', 'ST091', 'ST094', 'TR030', '2026-04-19 06:00:00', 1, '2026-04-14 13:06:00'),
('PNR19006', 'U016', 'TXN260419006', 'ST061', 'ST011', 'TR031', '2026-04-19 07:00:00', 1, '2026-04-14 14:51:00'),
('PNR19007', 'U017', 'TXN260419007', 'ST043', 'ST046', 'TR032', '2026-04-19 10:00:00', 3, '2026-04-14 16:11:00'),
('PNR19008', 'U018', 'TXN260419008', 'ST021', 'ST092', 'TR033', '2026-04-19 13:00:00', 3, '2026-04-14 17:26:00'),
('PNR19009', 'U019', 'TXN260419009', 'ST095', 'ST096', 'TR034', '2026-04-19 09:00:00', 2, '2026-04-14 18:41:00'),
('PNR19010', 'U020', 'TXN260419010', 'ST010', 'ST094', 'TR035', '2026-04-19 06:00:00', 1, '2026-04-14 20:16:00'),
('PNR19011', 'U021', 'TXN260419011', 'ST001', 'ST004', 'TR001', '2026-04-19 16:30:00', 2, '2026-04-14 21:31:00'),
('PNR19012', 'U022', 'TXN260419012', 'ST001', 'ST003', 'TR002', '2026-04-19 06:00:00', 2, '2026-04-14 22:46:00'),
('PNR19013', 'U023', 'TXN260419013', 'ST004', 'ST006', 'TR003', '2026-04-19 23:10:00', 1, '2026-04-14 23:11:00'),
('PNR19014', 'U024', 'TXN260419014', 'ST007', 'ST009', 'TR004', '2026-04-19 07:30:00', 3, '2026-04-14 23:46:00'),
('PNR19015', 'U025', 'TXN260419015', 'ST010', 'ST012', 'TR005', '2026-04-19 17:20:00', 3, '2026-04-14 23:56:00'),
('PNR20001', 'U026', 'TXN260420001', 'ST001', 'ST019', 'TR006', '2026-04-20 06:10:00', 2, '2026-04-15 07:16:00'),
('PNR20002', 'U027', 'TXN260420002', 'ST001', 'ST020', 'TR007', '2026-04-20 17:10:00', 3, '2026-04-15 08:31:00'),
('PNR20003', 'U028', 'TXN260420003', 'ST013', 'ST014', 'TR008', '2026-04-20 06:40:00', 3, '2026-04-15 09:46:00'),
('PNR20004', 'U029', 'TXN260420004', 'ST008', 'ST031', 'TR009', '2026-04-20 14:30:00', 2, '2026-04-15 11:21:00'),
('PNR20005', 'U030', 'TXN260420005', 'ST016', 'ST010', 'TR010', '2026-04-20 15:55:00', 1, '2026-04-15 13:06:00'),
('PNR20006', 'U031', 'TXN260420006', 'ST001', 'ST022', 'TR011', '2026-04-20 14:30:00', 1, '2026-04-15 14:51:00'),
('PNR20007', 'U032', 'TXN260420007', 'ST010', 'ST039', 'TR012', '2026-04-20 20:00:00', 2, '2026-04-15 16:11:00'),
('PNR20008', 'U033', 'TXN260420008', 'ST006', 'ST004', 'TR013', '2026-04-20 14:40:00', 1, '2026-04-15 17:26:00'),
('PNR20009', 'U034', 'TXN260420009', 'ST009', 'ST025', 'TR014', '2026-04-20 09:15:00', 2, '2026-04-15 18:41:00'),
('PNR20010', 'U035', 'TXN260420010', 'ST001', 'ST028', 'TR015', '2026-04-20 13:50:00', 3, '2026-04-15 20:16:00'),
('PNR20011', 'U036', 'TXN260420011', 'ST049', 'ST007', 'TR016', '2026-04-20 16:00:00', 2, '2026-04-15 21:31:00'),
('PNR20012', 'U037', 'TXN260420012', 'ST041', 'ST044', 'TR017', '2026-04-20 08:00:00', 1, '2026-04-15 22:46:00'),
('PNR20013', 'U038', 'TXN260420013', 'ST087', 'ST090', 'TR018', '2026-04-20 05:45:00', 2, '2026-04-15 23:11:00'),
('PNR20014', 'U039', 'TXN260420014', 'ST069', 'ST097', 'TR019', '2026-04-20 06:15:00', 1, '2026-04-15 23:46:00'),
('PNR20015', 'U040', 'TXN260420015', 'ST063', 'ST066', 'TR020', '2026-04-20 06:00:00', 3, '2026-04-15 23:56:00'),
('PNR21001', 'U041', 'TXN260421001', 'ST059', 'ST011', 'TR021', '2026-04-21 07:30:00', 2, '2026-04-16 08:11:00'),
('PNR21002', 'U042', 'TXN260421002', 'ST091', 'ST010', 'TR022', '2026-04-21 05:45:00', 1, '2026-04-16 09:26:00'),
('PNR21003', 'U043', 'TXN260421003', 'ST018', 'ST039', 'TR023', '2026-04-21 05:00:00', 2, '2026-04-16 10:41:00'),
('PNR21004', 'U044', 'TXN260421004', 'ST095', 'ST097', 'TR024', '2026-04-21 06:00:00', 3, '2026-04-16 11:16:00'),
('PNR21005', 'U045', 'TXN260421005', 'ST099', 'ST100', 'TR025', '2026-04-21 08:00:00', 1, '2026-04-16 12:51:00'),
('PNR21006', 'U046', 'TXN260421006', 'ST067', 'ST075', 'TR026', '2026-04-21 06:00:00', 3, '2026-04-16 14:36:00'),
('PNR21007', 'U047', 'TXN260421007', 'ST069', 'ST071', 'TR027', '2026-04-21 05:30:00', 2, '2026-04-16 16:21:00'),
('PNR21008', 'U048', 'TXN260421008', 'ST020', 'ST084', 'TR028', '2026-04-21 08:00:00', 1, '2026-04-16 17:41:00'),
('PNR21009', 'U049', 'TXN260421009', 'ST100', 'ST078', 'TR029', '2026-04-21 10:00:00', 2, '2026-04-16 18:56:00'),
('PNR21010', 'U050', 'TXN260421010', 'ST091', 'ST094', 'TR030', '2026-04-21 06:00:00', 1, '2026-04-16 20:11:00'),
('PNR21011', 'U001', 'TXN260421011', 'ST061', 'ST011', 'TR031', '2026-04-21 07:00:00', 2, '2026-04-16 21:26:00'),
('PNR21012', 'U002', 'TXN260421012', 'ST043', 'ST046', 'TR032', '2026-04-21 10:00:00', 3, '2026-04-16 22:41:00'),
('PNR21013', 'U003', 'TXN260421013', 'ST021', 'ST092', 'TR033', '2026-04-21 13:00:00', 3, '2026-04-16 23:06:00'),
('PNR21014', 'U004', 'TXN260421014', 'ST095', 'ST096', 'TR034', '2026-04-21 09:00:00', 1, '2026-04-16 23:36:00'),
('PNR21015', 'U005', 'TXN260421015', 'ST010', 'ST094', 'TR035', '2026-04-21 06:00:00', 2, '2026-04-16 23:51:00'),
('PNR22001', 'U001', 'TXN260422001', 'ST001', 'ST004', 'TR001', '2026-04-22 16:30:00', 1, '2026-04-18 10:05:00'),
('PNR22002', 'U002', 'TXN260422002', 'ST001', 'ST003', 'TR002', '2026-04-22 06:00:00', 2, '2026-04-18 10:20:00'),
('PNR22003', 'U003', 'TXN260422003', 'ST004', 'ST006', 'TR003', '2026-04-22 23:10:00', 3, '2026-04-18 10:35:00'),
('PNR22004', 'U004', 'TXN260422004', 'ST007', 'ST009', 'TR004', '2026-04-22 07:30:00', 4, '2026-04-18 10:50:00'),
('PNR22005', 'U005', 'TXN260422005', 'ST010', 'ST012', 'TR005', '2026-04-22 17:20:00', 1, '2026-04-18 11:05:00'),
('PNR22006', 'U006', 'TXN260422006', 'ST001', 'ST019', 'TR006', '2026-04-22 06:10:00', 2, '2026-04-18 11:20:00'),
('PNR22007', 'U007', 'TXN260422007', 'ST001', 'ST020', 'TR007', '2026-04-22 17:10:00', 3, '2026-04-18 11:35:00'),
('PNR22008', 'U008', 'TXN260422008', 'ST013', 'ST014', 'TR008', '2026-04-22 06:40:00', 4, '2026-04-18 11:50:00'),
('PNR22009', 'U009', 'TXN260422009', 'ST008', 'ST031', 'TR009', '2026-04-22 14:30:00', 1, '2026-04-18 12:05:00'),
('PNR22010', 'U010', 'TXN260422010', 'ST016', 'ST010', 'TR010', '2026-04-22 15:55:00', 2, '2026-04-18 12:20:00'),
('PNR22011', 'U011', 'TXN260422011', 'ST001', 'ST022', 'TR011', '2026-04-22 14:30:00', 3, '2026-04-18 12:35:00'),
('PNR22012', 'U012', 'TXN260422012', 'ST010', 'ST039', 'TR012', '2026-04-22 20:00:00', 4, '2026-04-18 12:50:00'),
('PNR22013', 'U013', 'TXN260422013', 'ST006', 'ST004', 'TR013', '2026-04-22 14:40:00', 1, '2026-04-18 13:05:00'),
('PNR22014', 'U014', 'TXN260422014', 'ST009', 'ST025', 'TR014', '2026-04-22 09:15:00', 2, '2026-04-18 13:20:00'),
('PNR22015', 'U015', 'TXN260422015', 'ST001', 'ST028', 'TR015', '2026-04-22 13:50:00', 3, '2026-04-18 13:35:00'),
('PNR23001', 'U016', 'TXN260423001', 'ST001', 'ST004', 'TR001', '2026-04-23 16:30:00', 4, '2026-04-18 13:50:00'),
('PNR23002', 'U017', 'TXN260423002', 'ST001', 'ST003', 'TR002', '2026-04-23 06:00:00', 1, '2026-04-19 10:05:00'),
('PNR23003', 'U018', 'TXN260423003', 'ST004', 'ST006', 'TR003', '2026-04-23 23:10:00', 2, '2026-04-19 10:20:00'),
('PNR23004', 'U019', 'TXN260423004', 'ST007', 'ST009', 'TR004', '2026-04-23 07:30:00', 3, '2026-04-19 10:35:00'),
('PNR23005', 'U020', 'TXN260423005', 'ST010', 'ST012', 'TR005', '2026-04-23 17:20:00', 4, '2026-04-19 10:50:00'),
('PNR23006', 'U021', 'TXN260423006', 'ST001', 'ST019', 'TR006', '2026-04-23 06:10:00', 1, '2026-04-19 11:05:00'),
('PNR23007', 'U022', 'TXN260423007', 'ST001', 'ST020', 'TR007', '2026-04-23 17:10:00', 2, '2026-04-19 11:20:00'),
('PNR23008', 'U023', 'TXN260423008', 'ST013', 'ST014', 'TR008', '2026-04-23 06:40:00', 3, '2026-04-19 11:35:00'),
('PNR23009', 'U024', 'TXN260423009', 'ST008', 'ST031', 'TR009', '2026-04-23 14:30:00', 4, '2026-04-19 11:50:00'),
('PNR23010', 'U025', 'TXN260423010', 'ST016', 'ST010', 'TR010', '2026-04-23 15:55:00', 1, '2026-04-19 12:05:00'),
('PNR23011', 'U026', 'TXN260423011', 'ST001', 'ST022', 'TR011', '2026-04-23 14:30:00', 2, '2026-04-19 12:20:00'),
('PNR23012', 'U027', 'TXN260423012', 'ST010', 'ST039', 'TR012', '2026-04-23 20:00:00', 3, '2026-04-19 12:35:00'),
('PNR23013', 'U028', 'TXN260423013', 'ST006', 'ST004', 'TR013', '2026-04-23 14:40:00', 4, '2026-04-19 12:50:00'),
('PNR23014', 'U029', 'TXN260423014', 'ST009', 'ST025', 'TR014', '2026-04-23 09:15:00', 1, '2026-04-19 13:05:00'),
('PNR24001', 'U030', 'TXN260424001', 'ST001', 'ST004', 'TR001', '2026-04-24 16:30:00', 2, '2026-04-19 13:20:00'),
('PNR24002', 'U031', 'TXN260424002', 'ST001', 'ST003', 'TR002', '2026-04-24 06:00:00', 3, '2026-04-20 10:05:00'),
('PNR24003', 'U032', 'TXN260424003', 'ST004', 'ST006', 'TR003', '2026-04-24 23:10:00', 4, '2026-04-20 10:20:00'),
('PNR24004', 'U033', 'TXN260424004', 'ST007', 'ST009', 'TR004', '2026-04-24 07:30:00', 1, '2026-04-20 10:35:00'),
('PNR24005', 'U034', 'TXN260424005', 'ST010', 'ST012', 'TR005', '2026-04-24 17:20:00', 2, '2026-04-20 10:50:00'),
('PNR24006', 'U035', 'TXN260424006', 'ST001', 'ST019', 'TR006', '2026-04-24 06:10:00', 3, '2026-04-20 11:05:00'),
('PNR24007', 'U036', 'TXN260424007', 'ST001', 'ST020', 'TR007', '2026-04-24 17:10:00', 4, '2026-04-20 11:20:00'),
('PNR24008', 'U037', 'TXN260424008', 'ST013', 'ST014', 'TR008', '2026-04-24 06:40:00', 1, '2026-04-20 11:35:00'),
('PNR24009', 'U038', 'TXN260424009', 'ST008', 'ST031', 'TR009', '2026-04-24 14:30:00', 2, '2026-04-20 11:50:00'),
('PNR24010', 'U039', 'TXN260424010', 'ST016', 'ST010', 'TR010', '2026-04-24 15:55:00', 3, '2026-04-20 12:05:00'),
('PNR24011', 'U040', 'TXN260424011', 'ST001', 'ST022', 'TR011', '2026-04-24 14:30:00', 4, '2026-04-20 12:20:00'),
('PNR24012', 'U041', 'TXN260424012', 'ST010', 'ST039', 'TR012', '2026-04-24 20:00:00', 1, '2026-04-20 12:35:00'),
('PNR24013', 'U042', 'TXN260424013', 'ST006', 'ST004', 'TR013', '2026-04-24 14:40:00', 2, '2026-04-20 12:50:00'),
('PNR24014', 'U043', 'TXN260424014', 'ST009', 'ST025', 'TR014', '2026-04-24 09:15:00', 3, '2026-04-20 13:05:00'),
('PNR25001', 'U044', 'TXN260425001', 'ST001', 'ST004', 'TR001', '2026-04-25 16:30:00', 4, '2026-04-20 13:20:00'),
('PNR25002', 'U045', 'TXN260425002', 'ST001', 'ST003', 'TR002', '2026-04-25 06:00:00', 1, '2026-04-21 10:05:00'),
('PNR25003', 'U046', 'TXN260425003', 'ST004', 'ST006', 'TR003', '2026-04-25 23:10:00', 2, '2026-04-21 10:20:00'),
('PNR25004', 'U047', 'TXN260425004', 'ST007', 'ST009', 'TR004', '2026-04-25 07:30:00', 3, '2026-04-21 10:35:00'),
('PNR25005', 'U048', 'TXN260425005', 'ST010', 'ST012', 'TR005', '2026-04-25 17:20:00', 4, '2026-04-21 10:50:00'),
('PNR25006', 'U049', 'TXN260425006', 'ST001', 'ST019', 'TR006', '2026-04-25 06:10:00', 1, '2026-04-21 11:05:00'),
('PNR25007', 'U050', 'TXN260425007', 'ST001', 'ST020', 'TR007', '2026-04-25 17:10:00', 2, '2026-04-21 11:20:00'),
('PNR25008', 'U051', 'TXN260425008', 'ST013', 'ST014', 'TR008', '2026-04-25 06:40:00', 3, '2026-04-21 11:35:00'),
('PNR25009', 'U052', 'TXN260425009', 'ST008', 'ST031', 'TR009', '2026-04-25 14:30:00', 4, '2026-04-21 11:50:00'),
('PNR25010', 'U053', 'TXN260425010', 'ST016', 'ST010', 'TR010', '2026-04-25 15:55:00', 1, '2026-04-21 12:05:00'),
('PNR25011', 'U054', 'TXN260425011', 'ST001', 'ST022', 'TR011', '2026-04-25 14:30:00', 2, '2026-04-21 12:20:00'),
('PNR25012', 'U055', 'TXN260425012', 'ST010', 'ST039', 'TR012', '2026-04-25 20:00:00', 3, '2026-04-21 12:35:00'),
('PNR25013', 'U056', 'TXN260425013', 'ST006', 'ST004', 'TR013', '2026-04-25 14:40:00', 4, '2026-04-21 12:50:00'),
('PNR25014', 'U057', 'TXN260425014', 'ST009', 'ST025', 'TR014', '2026-04-25 09:15:00', 1, '2026-04-21 13:05:00'),
('PNR26001', 'U058', 'TXN260426001', 'ST001', 'ST004', 'TR001', '2026-04-26 16:30:00', 2, '2026-04-21 13:20:00'),
('PNR26002', 'U059', 'TXN260426002', 'ST001', 'ST003', 'TR002', '2026-04-26 06:00:00', 3, '2026-04-22 10:05:00'),
('PNR26003', 'U060', 'TXN260426003', 'ST004', 'ST006', 'TR003', '2026-04-26 23:10:00', 4, '2026-04-22 10:20:00'),
('PNR26004', 'U061', 'TXN260426004', 'ST007', 'ST009', 'TR004', '2026-04-26 07:30:00', 1, '2026-04-22 10:35:00'),
('PNR26005', 'U062', 'TXN260426005', 'ST010', 'ST012', 'TR005', '2026-04-26 17:20:00', 2, '2026-04-22 10:50:00'),
('PNR26006', 'U063', 'TXN260426006', 'ST001', 'ST019', 'TR006', '2026-04-26 06:10:00', 3, '2026-04-22 11:05:00'),
('PNR26007', 'U064', 'TXN260426007', 'ST001', 'ST020', 'TR007', '2026-04-26 17:10:00', 4, '2026-04-22 11:20:00'),
('PNR26008', 'U065', 'TXN260426008', 'ST013', 'ST014', 'TR008', '2026-04-26 06:40:00', 1, '2026-04-22 11:35:00'),
('PNR26009', 'U066', 'TXN260426009', 'ST008', 'ST031', 'TR009', '2026-04-26 14:30:00', 2, '2026-04-22 11:50:00'),
('PNR26010', 'U067', 'TXN260426010', 'ST016', 'ST010', 'TR010', '2026-04-26 15:55:00', 3, '2026-04-22 12:05:00'),
('PNR26011', 'U068', 'TXN260426011', 'ST001', 'ST022', 'TR011', '2026-04-26 14:30:00', 4, '2026-04-22 12:20:00'),
('PNR26012', 'U069', 'TXN260426012', 'ST010', 'ST039', 'TR012', '2026-04-26 20:00:00', 1, '2026-04-22 12:35:00'),
('PNR26013', 'U070', 'TXN260426013', 'ST006', 'ST004', 'TR013', '2026-04-26 14:40:00', 2, '2026-04-22 12:50:00'),
('PNR26014', 'U071', 'TXN260426014', 'ST009', 'ST025', 'TR014', '2026-04-26 09:15:00', 3, '2026-04-22 13:05:00'),
('PNR27001', 'U072', 'TXN260427001', 'ST001', 'ST004', 'TR001', '2026-04-27 16:30:00', 4, '2026-04-22 13:20:00'),
('PNR27002', 'U073', 'TXN260427002', 'ST001', 'ST003', 'TR002', '2026-04-27 06:00:00', 1, '2026-04-23 10:05:00'),
('PNR27003', 'U074', 'TXN260427003', 'ST004', 'ST006', 'TR003', '2026-04-27 23:10:00', 2, '2026-04-23 10:20:00'),
('PNR27004', 'U075', 'TXN260427004', 'ST007', 'ST009', 'TR004', '2026-04-27 07:30:00', 3, '2026-04-23 10:35:00'),
('PNR27005', 'U076', 'TXN260427005', 'ST010', 'ST012', 'TR005', '2026-04-27 17:20:00', 4, '2026-04-23 10:50:00'),
('PNR27006', 'U077', 'TXN260427006', 'ST001', 'ST019', 'TR006', '2026-04-27 06:10:00', 1, '2026-04-23 11:05:00'),
('PNR27007', 'U078', 'TXN260427007', 'ST001', 'ST020', 'TR007', '2026-04-27 17:10:00', 2, '2026-04-23 11:20:00'),
('PNR27008', 'U079', 'TXN260427008', 'ST013', 'ST014', 'TR008', '2026-04-27 06:40:00', 3, '2026-04-23 11:35:00'),
('PNR27009', 'U080', 'TXN260427009', 'ST008', 'ST031', 'TR009', '2026-04-27 14:30:00', 4, '2026-04-23 11:50:00'),
('PNR27010', 'U081', 'TXN260427010', 'ST016', 'ST010', 'TR010', '2026-04-27 15:55:00', 1, '2026-04-23 12:05:00'),
('PNR27011', 'U082', 'TXN260427011', 'ST001', 'ST022', 'TR011', '2026-04-27 14:30:00', 2, '2026-04-23 12:20:00'),
('PNR27012', 'U083', 'TXN260427012', 'ST010', 'ST039', 'TR012', '2026-04-27 20:00:00', 3, '2026-04-23 12:35:00'),
('PNR27013', 'U084', 'TXN260427013', 'ST006', 'ST004', 'TR013', '2026-04-27 14:40:00', 4, '2026-04-23 12:50:00'),
('PNR27014', 'U085', 'TXN260427014', 'ST009', 'ST025', 'TR014', '2026-04-27 09:15:00', 1, '2026-04-23 13:05:00'),
('PNR28001', 'U086', 'TXN260428001', 'ST001', 'ST004', 'TR001', '2026-04-28 16:30:00', 2, '2026-04-23 13:20:00'),
('PNR28002', 'U087', 'TXN260428002', 'ST001', 'ST003', 'TR002', '2026-04-28 06:00:00', 3, '2026-04-24 10:05:00'),
('PNR28003', 'U088', 'TXN260428003', 'ST004', 'ST006', 'TR003', '2026-04-28 23:10:00', 4, '2026-04-24 10:20:00'),
('PNR28004', 'U089', 'TXN260428004', 'ST007', 'ST009', 'TR004', '2026-04-28 07:30:00', 1, '2026-04-24 10:35:00'),
('PNR28005', 'U090', 'TXN260428005', 'ST010', 'ST012', 'TR005', '2026-04-28 17:20:00', 2, '2026-04-24 10:50:00'),
('PNR28006', 'U091', 'TXN260428006', 'ST001', 'ST019', 'TR006', '2026-04-28 06:10:00', 3, '2026-04-24 11:05:00'),
('PNR28007', 'U092', 'TXN260428007', 'ST001', 'ST020', 'TR007', '2026-04-28 17:10:00', 4, '2026-04-24 11:20:00'),
('PNR28008', 'U093', 'TXN260428008', 'ST013', 'ST014', 'TR008', '2026-04-28 06:40:00', 1, '2026-04-24 11:35:00'),
('PNR28009', 'U094', 'TXN260428009', 'ST008', 'ST031', 'TR009', '2026-04-28 14:30:00', 2, '2026-04-24 11:50:00'),
('PNR28010', 'U095', 'TXN260428010', 'ST016', 'ST010', 'TR010', '2026-04-28 15:55:00', 3, '2026-04-24 12:05:00'),
('PNR28011', 'U096', 'TXN260428011', 'ST001', 'ST022', 'TR011', '2026-04-28 14:30:00', 4, '2026-04-24 12:20:00'),
('PNR28012', 'U097', 'TXN260428012', 'ST010', 'ST039', 'TR012', '2026-04-28 20:00:00', 1, '2026-04-24 12:35:00'),
('PNR28013', 'U098', 'TXN260428013', 'ST006', 'ST004', 'TR013', '2026-04-28 14:40:00', 2, '2026-04-24 12:50:00'),
('PNR28014', 'U099', 'TXN260428014', 'ST009', 'ST025', 'TR014', '2026-04-28 09:15:00', 3, '2026-04-24 13:05:00'),
('PNR28015', 'U100', 'TXN260428015', 'ST001', 'ST028', 'TR015', '2026-04-28 13:50:00', 4, '2026-04-24 13:20:00');

-- 23. Passenger table (Days 1–7): Individual traveller details under each PNR.
-- A single PNR can have multiple passenger rows (one per traveller in a group booking).
-- Coach, seat, and berth preference are stored here for seat allocation tracking.
INSERT INTO passenger (passenger_id, pnr, train_id, coach_code, seat_number, name, gender, dob, berth_pref) VALUES
('P001', 'PNR15001', 'TR001', 'A1', '1', 'Amit Patel', 'Male', '1985-06-12', 'Lower'),
('P002', 'PNR15001', 'TR001', 'A1', '2', 'Priya Patel', 'Female', '1988-09-24', 'Upper'),
('P003', 'PNR15002', 'TR002', 'CC1', '1', 'Ravi Kumar', 'Male', '1990-03-15', 'Window'),
('P004', 'PNR15002', 'TR002', 'CC1', '2', 'Sunita Kumar', 'Female', '1992-07-08', 'Middle'),
('P005', 'PNR15003', 'TR003', 'B1', '1', 'Vikram Singh', 'Male', '1982-11-30', 'Lower'),
('P006', 'PNR15004', 'TR004', 'C1', '1', 'Anjali Gupta', 'Female', '1995-02-18', 'Lower'),
('P007', 'PNR15004', 'TR004', 'C1', '2', 'Rahul Gupta', 'Male', '1993-05-21', 'Middle'),
('P008', 'PNR15004', 'TR004', 'C1', '3', 'Neha Gupta', 'Female', '2018-10-05', 'Upper'),
('P009', 'PNR15004', 'TR004', 'C2', '1', 'Suresh Gupta', 'Male', '1965-01-14', 'Lower'),
('P010', 'PNR15005', 'TR005', 'S1', '1', 'Manoj Desai', 'Male', '1987-08-22', 'Lower'),
('P011', 'PNR15005', 'TR005', 'S1', '2', 'Kavita Desai', 'Female', '1990-12-11', 'Middle'),
('P012', 'PNR15005', 'TR005', 'S1', '3', 'Aarav Desai', 'Male', '2015-04-09', 'Upper'),
('P013', 'PNR15006', 'TR006', 'CC1', '1', 'Pooja Sharma', 'Female', '1994-06-17', 'Window'),
('P014', 'PNR15006', 'TR006', 'CC1', '2', 'Karan Sharma', 'Male', '1991-03-25', 'Middle'),
('P015', 'PNR15006', 'TR006', 'CC1', '3', 'Rohan Sharma', 'Male', '2020-09-12', 'Aisle'),
('P016', 'PNR15007', 'TR007', 'A1', '1', 'Sanjay Mishra', 'Male', '1975-11-04', 'Lower'),
('P017', 'PNR15007', 'TR007', 'A1', '2', 'Geeta Mishra', 'Female', '1979-02-28', 'Upper'),
('P018', 'PNR15008', 'TR008', 'S1', '1', 'Deepak Reddy', 'Male', '1989-05-16', 'Lower'),
('P019', 'PNR15008', 'TR008', 'S1', '2', 'Swati Reddy', 'Female', '1992-10-07', 'Middle'),
('P020', 'PNR15009', 'TR009', 'B1', '1', 'Harish Iyer', 'Male', '1983-04-20', 'Lower'),
('P021', 'PNR15009', 'TR009', 'B1', '2', 'Meera Iyer', 'Female', '1986-07-15', 'Middle'),
('P022', 'PNR15009', 'TR009', 'B1', '3', 'Arun Iyer', 'Male', '2010-01-30', 'Upper'),
('P023', 'PNR15010', 'TR010', 'B1', '1', 'Nitin Jain', 'Male', '1990-12-05', 'Lower'),
('P024', 'PNR15011', 'TR011', 'D1', '1', 'Ashok Kumar', 'Male', '1980-09-14', 'Window'),
('P025', 'PNR15011', 'TR011', 'D1', '2', 'Bhavna Kumar', 'Female', '1984-03-22', 'Middle'),
('P026', 'PNR15011', 'TR011', 'D1', '3', 'Ritik Kumar', 'Male', '2008-07-11', 'Aisle'),
('P027', 'PNR15011', 'TR011', 'D2', '1', 'Seema Kumar', 'Female', '2012-11-08', 'Window'),
('P028', 'PNR15012', 'TR012', 'B1', '1', 'Gaurav Pandey', 'Male', '1995-01-25', 'Lower'),
('P029', 'PNR15012', 'TR012', 'B1', '2', 'Sneha Pandey', 'Female', '1997-06-14', 'Middle'),
('P030', 'PNR15012', 'TR012', 'B1', '3', 'Raj Pandey', 'Male', '2022-02-10', 'Upper'),
('P031', 'PNR15013', 'TR013', 'CC1', '1', 'Rajesh Joshi', 'Male', '1978-08-09', 'Window'),
('P032', 'PNR15013', 'TR013', 'CC1', '2', 'Anita Joshi', 'Female', '1982-12-19', 'Middle'),
('P033', 'PNR15013', 'TR013', 'CC1', '3', 'Kunal Joshi', 'Male', '2005-04-27', 'Aisle'),
('P034', 'PNR15014', 'TR014', 'S1', '1', 'Vinay Shetty', 'Male', '1991-10-31', 'Lower'),
('P035', 'PNR15014', 'TR014', 'S1', '2', 'Riya Shetty', 'Female', '1994-05-18', 'Middle'),
('P036', 'PNR15015', 'TR015', 'B1', '1', 'Tarun Arora', 'Male', '1986-02-12', 'Lower'),
('P037', 'PNR15015', 'TR015', 'B1', '2', 'Nidhi Arora', 'Female', '1989-07-26', 'Middle'),
('P038', 'PNR15015', 'TR015', 'B1', '3', 'Aditi Arora', 'Female', '2014-09-03', 'Upper'),
('P039', 'PNR16001', 'TR016', 'S1', '1', 'Siddharth Rao', 'Male', '1993-04-15', 'Lower'),
('P040', 'PNR16001', 'TR016', 'S1', '2', 'Pallavi Rao', 'Female', '1995-11-20', 'Middle'),
('P041', 'PNR16001', 'TR016', 'S1', '3', 'Yash Rao', 'Male', '2019-08-14', 'Upper'),
('P042', 'PNR16002', 'TR017', 'S1', '1', 'Manish Tiwari', 'Male', '1981-02-28', 'Lower'),
('P043', 'PNR16003', 'TR018', 'G1', '1', 'Pradeep Nair', 'Male', '1976-06-10', 'Window'),
('P044', 'PNR16003', 'TR018', 'G1', '2', 'Lakshmi Nair', 'Female', '1980-09-05', 'Middle'),
('P045', 'PNR16004', 'TR019', 'D1', '1', 'Ankit Verma', 'Male', '1998-01-17', 'Window'),
('P046', 'PNR16004', 'TR019', 'D1', '2', 'Shruti Verma', 'Female', '2000-05-22', 'Middle'),
('P047', 'PNR16004', 'TR019', 'D1', '3', 'Dev Verma', 'Male', '2025-02-28', 'Aisle'),
('P048', 'PNR16005', 'TR020', 'S1', '1', 'Gopal Krishnan', 'Male', '1965-12-12', 'Lower'),
('P049', 'PNR16006', 'TR021', 'S1', '1', 'Ramesh Yadav', 'Male', '1984-07-25', 'Lower'),
('P050', 'PNR16006', 'TR021', 'S1', '2', 'Suman Yadav', 'Female', '1988-11-19', 'Middle'),
('P051', 'PNR16007', 'TR022', 'CC1', '1', 'Hemant Shukla', 'Male', '1990-03-08', 'Window'),
('P052', 'PNR16007', 'TR022', 'CC1', '2', 'Reena Shukla', 'Female', '1993-08-14', 'Middle'),
('P053', 'PNR16007', 'TR022', 'CC1', '3', 'Aryan Shukla', 'Male', '2016-01-20', 'Aisle'),
('P054', 'PNR16008', 'TR023', 'G1', '1', 'Abhishek Singh', 'Male', '1995-10-30', 'Window'),
('P055', 'PNR16008', 'TR023', 'G1', '2', 'Tanvi Singh', 'Female', '1998-04-12', 'Middle'),
('P056', 'PNR16009', 'TR024', 'D1', '1', 'Vivek Malhotra', 'Male', '1982-09-09', 'Window'),
('P057', 'PNR16010', 'TR025', 'G1', '1', 'Saurabh Bhatia', 'Male', '1979-12-25', 'Window'),
('P058', 'PNR16010', 'TR025', 'G1', '2', 'Nidhi Bhatia', 'Female', '1983-05-16', 'Middle'),
('P059', 'PNR16011', 'TR026', 'S1', '1', 'Kunal Bajaj', 'Male', '1991-08-07', 'Lower'),
('P060', 'PNR16011', 'TR026', 'S1', '2', 'Ritu Bajaj', 'Female', '1994-02-21', 'Middle'),
('P061', 'PNR16012', 'TR027', 'G1', '1', 'Sunil Dubey', 'Male', '1986-11-11', 'Window'),
('P062', 'PNR16012', 'TR027', 'G1', '2', 'Asha Dubey', 'Female', '1989-06-05', 'Middle'),
('P063', 'PNR16012', 'TR027', 'G1', '3', 'Rahul Dubey', 'Male', '2012-09-18', 'Aisle'),
('P064', 'PNR16013', 'TR028', 'D1', '1', 'Ajay Saxena', 'Male', '1974-03-29', 'Window'),
('P065', 'PNR16013', 'TR028', 'D1', '2', 'Preeti Saxena', 'Female', '1978-10-15', 'Middle'),
('P066', 'PNR16013', 'TR028', 'D1', '3', 'Rohan Saxena', 'Male', '2004-12-02', 'Aisle'),
('P067', 'PNR16014', 'TR029', 'S1', '1', 'Pankaj Srivastava', 'Male', '1988-01-20', 'Lower'),
('P068', 'PNR16014', 'TR029', 'S1', '2', 'Megha Srivastava', 'Female', '1991-07-14', 'Middle'),
('P069', 'PNR16014', 'TR029', 'S1', '3', 'Kavya Srivastava', 'Female', '2017-04-05', 'Upper'),
('P070', 'PNR16015', 'TR030', 'B1', '1', 'Farhan Qureshi', 'Male', '1996-05-19', 'Lower'),
('P071', 'PNR16015', 'TR030', 'B1', '2', 'Zoya Qureshi', 'Female', '1999-11-23', 'Middle'),
('P072', 'PNR17001', 'TR031', 'G1', '1', 'Tapas Mondal', 'Male', '1985-02-14', 'Window'),
('P073', 'PNR17002', 'TR032', 'S1', '1', 'Ronak Vataliya', 'Male', '1992-06-30', 'Lower'),
('P074', 'PNR17002', 'TR032', 'S1', '2', 'Riya Vataliya', 'Female', '1995-12-10', 'Middle'),
('P075', 'PNR17002', 'TR032', 'S1', '3', 'Aarohi Vataliya', 'Female', '2021-03-25', 'Upper'),
('P076', 'PNR17003', 'TR033', 'D1', '1', 'Prabhat Kumar', 'Male', '1980-09-17', 'Window'),
('P077', 'PNR17003', 'TR033', 'D1', '2', 'Sunita Kumar', 'Female', '1983-04-05', 'Middle'),
('P078', 'PNR17004', 'TR034', 'G1', '1', 'Bhanwar Singh', 'Male', '1975-11-22', 'Window'),
('P079', 'PNR17004', 'TR034', 'G1', '2', 'Geeta Singh', 'Female', '1979-08-14', 'Middle'),
('P080', 'PNR17005', 'TR035', 'G1', '1', 'Chhota Don', 'Male', '1990-01-01', 'Window'),
('P081', 'PNR17006', 'TR001', 'A1', '1', 'Akash Gupta', 'Male', '1987-05-19', 'Lower'),
('P082', 'PNR17007', 'TR002', 'CC1', '1', 'Mohan Sharma', 'Male', '1982-10-12', 'Window'),
('P083', 'PNR17007', 'TR002', 'CC1', '2', 'Radha Sharma', 'Female', '1985-03-28', 'Middle'),
('P084', 'PNR17008', 'TR003', 'B1', '1', 'Nitesh Kumar', 'Male', '1994-07-07', 'Lower'),
('P085', 'PNR17009', 'TR004', 'C1', '1', 'Anbarasan Murugan', 'Male', '1989-12-15', 'Lower'),
('P086', 'PNR17009', 'TR004', 'C1', '2', 'Kavitha Murugan', 'Female', '1992-06-03', 'Middle'),
('P087', 'PNR17010', 'TR005', 'S1', '1', 'Sushanta Biswas', 'Male', '1977-02-25', 'Lower'),
('P088', 'PNR17010', 'TR005', 'S1', '2', 'Anjali Biswas', 'Female', '1981-09-11', 'Middle'),
('P089', 'PNR17010', 'TR005', 'S1', '3', 'Rahul Biswas', 'Male', '2006-01-30', 'Upper'),
('P090', 'PNR17011', 'TR006', 'CC1', '1', 'Awadhesh Mishra', 'Male', '1984-04-18', 'Window'),
('P091', 'PNR17011', 'TR006', 'CC1', '2', 'Poonam Mishra', 'Female', '1987-11-05', 'Middle'),
('P092', 'PNR17011', 'TR006', 'CC1', '3', 'Ritu Mishra', 'Female', '2012-08-22', 'Aisle'),
('P093', 'PNR17012', 'TR007', 'A1', '1', 'Mahendra Mathur', 'Male', '1970-06-14', 'Lower'),
('P094', 'PNR17013', 'TR008', 'S1', '1', 'Girish Naik', 'Male', '1991-03-09', 'Lower'),
('P095', 'PNR17013', 'TR008', 'S1', '2', 'Pallavi Naik', 'Female', '1994-10-27', 'Middle'),
('P096', 'PNR17014', 'TR009', 'B1', '1', 'Shantala Gowda', 'Female', '1986-05-31', 'Lower'),
('P097', 'PNR17015', 'TR010', 'B1', '1', 'Venkat Raju', 'Male', '1983-12-08', 'Lower'),
('P098', 'PNR17015', 'TR010', 'B1', '2', 'Lakshmi Raju', 'Female', '1986-07-21', 'Middle'),
('P099', 'PNR18001', 'TR011', 'D1', '1', 'Ramlal Meena', 'Male', '1978-11-15', 'Window'),
('P100', 'PNR18001', 'TR011', 'D1', '2', 'Sita Meena', 'Female', '1982-04-03', 'Middle'),
('P101', 'PNR18002', 'TR012', 'B1', '1', 'Gaurav Pandey', 'Male', '1990-08-22', 'Lower'),
('P102', 'PNR18002', 'TR012', 'B1', '2', 'Neha Pandey', 'Female', '1993-01-10', 'Middle'),
('P103', 'PNR18002', 'TR012', 'B1', '3', 'Rohan Pandey', 'Male', '2018-06-25', 'Upper'),
('P104', 'PNR18003', 'TR013', 'CC1', '1', 'Bhavesh Shah', 'Male', '1985-03-12', 'Window'),
('P105', 'PNR18004', 'TR014', 'S1', '1', 'Pradeep Naidu', 'Male', '1992-10-05', 'Lower'),
('P106', 'PNR18004', 'TR014', 'S1', '2', 'Divya Naidu', 'Female', '1995-05-18', 'Middle'),
('P107', 'PNR18004', 'TR014', 'S1', '3', 'Aarav Naidu', 'Male', '2022-12-01', 'Upper'),
('P108', 'PNR18005', 'TR015', 'B1', '1', 'Sanjeev Rathore', 'Male', '1981-07-29', 'Lower'),
('P109', 'PNR18005', 'TR015', 'B1', '2', 'Meera Rathore', 'Female', '1984-12-14', 'Middle'),
('P110', 'PNR18005', 'TR015', 'B1', '3', 'Karan Rathore', 'Male', '2009-04-07', 'Upper'),
('P111', 'PNR18006', 'TR016', 'S1', '1', 'Kavitha Sundaram', 'Female', '1976-02-18', 'Lower'),
('P112', 'PNR18007', 'TR017', 'S1', '1', 'Mahesh Bhatt', 'Male', '1988-09-03', 'Lower'),
('P113', 'PNR18007', 'TR017', 'S1', '2', 'Pooja Bhatt', 'Female', '1991-04-20', 'Middle'),
('P114', 'PNR18008', 'TR018', 'G1', '1', 'Tapas Mondal', 'Male', '1979-11-25', 'Window'),
('P115', 'PNR18008', 'TR018', 'G1', '2', 'Anita Mondal', 'Female', '1983-06-12', 'Middle'),
('P116', 'PNR18009', 'TR019', 'D1', '1', 'Venkat Raju', 'Male', '1984-01-30', 'Window'),
('P117', 'PNR18009', 'TR019', 'D1', '2', 'Padma Raju', 'Female', '1987-08-16', 'Middle'),
('P118', 'PNR18009', 'TR019', 'D1', '3', 'Sai Raju', 'Male', '2014-03-05', 'Aisle'),
('P119', 'PNR18010', 'TR020', 'S1', '1', 'Yogesh Kale', 'Male', '1993-10-09', 'Lower'),
('P120', 'PNR18011', 'TR021', 'S1', '1', 'Amitabha Ghosh', 'Male', '1980-05-22', 'Lower'),
('P121', 'PNR18011', 'TR021', 'S1', '2', 'Rupa Ghosh', 'Female', '1984-11-08', 'Middle'),
('P122', 'PNR18012', 'TR022', 'CC1', '1', 'Ranjit Sinha', 'Male', '1975-02-14', 'Window'),
('P123', 'PNR18012', 'TR022', 'CC1', '2', 'Kiran Sinha', 'Female', '1979-07-02', 'Middle'),
('P124', 'PNR18012', 'TR022', 'CC1', '3', 'Rahul Sinha', 'Male', '2005-12-19', 'Aisle'),
('P125', 'PNR18013', 'TR023', 'G1', '1', 'Rajkumar Yadav', 'Male', '1989-08-28', 'Window'),
('P126', 'PNR18013', 'TR023', 'G1', '2', 'Sunita Yadav', 'Female', '1992-01-15', 'Middle'),
('P127', 'PNR18013', 'TR023', 'G1', '3', 'Aman Yadav', 'Male', '2018-06-04', 'Aisle'),
('P128', 'PNR18014', 'TR024', 'D1', '1', 'Prabhat Kumar', 'Male', '1982-11-10', 'Window'),
('P129', 'PNR18015', 'TR025', 'G1', '1', 'Awadhesh Mishra', 'Male', '1986-04-24', 'Window'),
('P130', 'PNR18015', 'TR025', 'G1', '2', 'Poonam Mishra', 'Female', '1989-09-11', 'Middle'),
('P131', 'PNR19001', 'TR026', 'S1', '1', 'Ramesh Jadhav', 'Male', '1977-01-05', 'Lower'),
('P132', 'PNR19001', 'TR026', 'S1', '2', 'Smita Jadhav', 'Female', '1981-06-22', 'Middle'),
('P133', 'PNR19002', 'TR027', 'G1', '1', 'Narasimha Reddy', 'Male', '1985-08-16', 'Window'),
('P134', 'PNR19002', 'TR027', 'G1', '2', 'Lakshmi Reddy', 'Female', '1988-02-04', 'Middle'),
('P135', 'PNR19002', 'TR027', 'G1', '3', 'Arjun Reddy', 'Male', '2015-07-20', 'Aisle'),
('P136', 'PNR19003', 'TR028', 'D1', '1', 'Prabhat Kumar', 'Male', '1990-12-28', 'Window'),
('P137', 'PNR19003', 'TR028', 'D1', '2', 'Sunita Kumar', 'Female', '1993-05-15', 'Middle'),
('P138', 'PNR19003', 'TR028', 'D1', '3', 'Rohan Kumar', 'Male', '2020-10-02', 'Aisle'),
('P139', 'PNR19004', 'TR029', 'S1', '1', 'Mahendra Mathur', 'Male', '1982-04-10', 'Lower'),
('P140', 'PNR19004', 'TR029', 'S1', '2', 'Geeta Mathur', 'Female', '1985-09-27', 'Middle'),
('P141', 'PNR19005', 'TR030', 'B1', '1', 'Ranjit Sinha', 'Male', '1979-11-03', 'Lower'),
('P142', 'PNR19006', 'TR031', 'G1', '1', 'Amitabha Ghosh', 'Male', '1986-02-18', 'Window'),
('P143', 'PNR19007', 'TR032', 'S1', '1', 'Bhavesh Shah', 'Male', '1991-07-05', 'Lower'),
('P144', 'PNR19007', 'TR032', 'S1', '2', 'Dhwani Shah', 'Female', '1994-12-21', 'Middle'),
('P145', 'PNR19007', 'TR032', 'S1', '3', 'Meet Shah', 'Male', '2022-05-08', 'Upper'),
('P146', 'PNR19008', 'TR033', 'D1', '1', 'Nitesh Kumar', 'Male', '1984-09-14', 'Window'),
('P147', 'PNR19008', 'TR033', 'D1', '2', 'Priya Kumar', 'Female', '1987-02-01', 'Middle'),
('P148', 'PNR19008', 'TR033', 'D1', '3', 'Aryan Kumar', 'Male', '2012-06-18', 'Aisle'),
('P149', 'PNR19009', 'TR034', 'G1', '1', 'Tapas Mondal', 'Male', '1975-11-26', 'Window'),
('P150', 'PNR19009', 'TR034', 'G1', '2', 'Anita Mondal', 'Female', '1979-04-13', 'Middle'),
('P151', 'PNR19010', 'TR035', 'G1', '1', 'Sushanta Biswas', 'Male', '1988-08-30', 'Window'),
('P152', 'PNR19011', 'TR001', 'A1', '1', 'Rajesh Tiwari', 'Male', '1980-01-12', 'Lower'),
('P153', 'PNR19011', 'TR001', 'A1', '2', 'Smita Tiwari', 'Female', '1983-06-29', 'Upper'),
('P154', 'PNR19012', 'TR002', 'CC1', '1', 'Anil Dubey', 'Male', '1985-11-05', 'Window'),
('P155', 'PNR19012', 'TR002', 'CC1', '2', 'Kiran Dubey', 'Female', '1988-04-22', 'Middle'),
('P156', 'PNR19013', 'TR003', 'B1', '1', 'Suresh Pandey', 'Male', '1992-09-18', 'Lower'),
('P157', 'PNR19014', 'TR004', 'C1', '1', 'Mohan Sharma', 'Male', '1978-02-04', 'Lower'),
('P158', 'PNR19014', 'TR004', 'C1', '2', 'Radha Sharma', 'Female', '1981-07-21', 'Middle'),
('P159', 'PNR19014', 'TR004', 'C1', '3', 'Rahul Sharma', 'Male', '2006-12-08', 'Upper'),
('P160', 'PNR19015', 'TR005', 'S1', '1', 'Pravin Desai', 'Male', '1989-05-15', 'Lower'),
('P161', 'PNR19015', 'TR005', 'S1', '2', 'Nita Desai', 'Female', '1992-10-01', 'Middle'),
('P162', 'PNR19015', 'TR005', 'S1', '3', 'Karan Desai', 'Male', '2018-03-19', 'Upper'),
('P163', 'PNR20001', 'TR006', 'CC1', '1', 'Sunita Rane', 'Female', '1984-12-10', 'Window'),
('P164', 'PNR20001', 'TR006', 'CC1', '2', 'Rohan Rane', 'Male', '1981-05-27', 'Middle'),
('P165', 'PNR20002', 'TR007', 'A1', '1', 'Nitin Patil', 'Male', '1990-10-04', 'Lower'),
('P166', 'PNR20002', 'TR007', 'A1', '2', 'Priya Patil', 'Female', '1993-03-21', 'Upper'),
('P167', 'PNR20002', 'TR007', 'A1', '3', 'Aarav Patil', 'Male', '2020-08-08', 'Side Lower'),
('P168', 'PNR20003', 'TR008', 'S1', '1', 'Biswajit Sen Gupta', 'Male', '1976-01-14', 'Lower'),
('P169', 'PNR20003', 'TR008', 'S1', '2', 'Aparna Sen Gupta', 'Female', '1979-06-30', 'Middle'),
('P170', 'PNR20003', 'TR008', 'S1', '3', 'Rahul Sen Gupta', 'Male', '2004-11-16', 'Upper'),
('P171', 'PNR20004', 'TR009', 'B1', '1', 'Amitabha Ghosh', 'Male', '1982-07-23', 'Lower'),
('P172', 'PNR20004', 'TR009', 'B1', '2', 'Rupa Ghosh', 'Female', '1985-12-09', 'Middle'),
('P173', 'PNR20005', 'TR010', 'B1', '1', 'Murugan Pillai', 'Male', '1988-04-06', 'Lower'),
('P174', 'PNR20006', 'TR011', 'D1', '1', 'Kavitha Sundaram', 'Female', '1995-09-12', 'Window'),
('P175', 'PNR20007', 'TR012', 'B1', '1', 'Pradeep Naidu', 'Male', '1980-02-28', 'Lower'),
('P176', 'PNR20007', 'TR012', 'B1', '2', 'Divya Naidu', 'Female', '1983-08-15', 'Middle'),
('P177', 'PNR20008', 'TR013', 'CC1', '1', 'Ashok Kulkarni', 'Male', '1986-01-22', 'Window'),
('P178', 'PNR20009', 'TR014', 'S1', '1', 'Ramesh Jadhav', 'Male', '1992-06-08', 'Lower'),
('P179', 'PNR20009', 'TR014', 'S1', '2', 'Smita Jadhav', 'Female', '1995-11-25', 'Middle'),
('P180', 'PNR20010', 'TR015', 'B1', '1', 'Deepa Saxena', 'Female', '1984-04-02', 'Lower'),
('P181', 'PNR20010', 'TR015', 'B1', '2', 'Rahul Saxena', 'Male', '1981-09-18', 'Middle'),
('P182', 'PNR20010', 'TR015', 'B1', '3', 'Neha Saxena', 'Female', '2010-02-05', 'Upper'),
('P183', 'PNR20011', 'TR016', 'S1', '1', 'Bhavesh Shah', 'Male', '1989-11-11', 'Lower'),
('P184', 'PNR20011', 'TR016', 'S1', '2', 'Dhwani Shah', 'Female', '1992-04-28', 'Middle'),
('P185', 'PNR20012', 'TR017', 'S1', '1', 'Tapas Mondal', 'Male', '1975-10-05', 'Lower'),
('P186', 'PNR20013', 'TR018', 'G1', '1', 'Revathi Krishnan', 'Female', '1982-03-22', 'Window'),
('P187', 'PNR20013', 'TR018', 'G1', '2', 'Arjun Krishnan', 'Male', '1979-08-08', 'Middle'),
('P188', 'PNR20014', 'TR019', 'D1', '1', 'Venkat Raju', 'Male', '1987-01-14', 'Window'),
('P189', 'PNR20015', 'TR020', 'S1', '1', 'Narasimha Reddy', 'Male', '1994-06-30', 'Lower'),
('P190', 'PNR20015', 'TR020', 'S1', '2', 'Lakshmi Reddy', 'Female', '1997-12-17', 'Middle'),
('P191', 'PNR20015', 'TR020', 'S1', '3', 'Arjun Reddy', 'Male', '2023-05-04', 'Upper'),
('P192', 'PNR21001', 'TR021', 'S1', '1', 'Rajkumar Yadav', 'Male', '1981-11-10', 'Lower'),
('P193', 'PNR21001', 'TR021', 'S1', '2', 'Sunita Yadav', 'Female', '1984-04-26', 'Middle'),
('P194', 'PNR21002', 'TR022', 'CC1', '1', 'Seema Tripathi', 'Female', '1988-09-12', 'Window'),
('P195', 'PNR21003', 'TR023', 'G1', '1', 'Prabhat Kumar', 'Male', '1976-02-28', 'Window'),
('P196', 'PNR21003', 'TR023', 'G1', '2', 'Sunita Kumar', 'Female', '1979-08-15', 'Middle'),
('P197', 'PNR21004', 'TR024', 'D1', '1', 'Ranjit Sinha', 'Male', '1983-01-01', 'Window'),
('P198', 'PNR21004', 'TR024', 'D1', '2', 'Kiran Sinha', 'Female', '1986-06-18', 'Middle'),
('P199', 'PNR21004', 'TR024', 'D1', '3', 'Rahul Sinha', 'Male', '2011-11-04', 'Aisle'),
('P200', 'PNR21005', 'TR025', 'G1', '1', 'Mahendra Mathur', 'Male', '1990-04-22', 'Window'),
('P201', 'PNR21006', 'TR026', 'S1', '1', 'Sunita Agarwal', 'Female', '1995-09-08', 'Lower'),
('P202', 'PNR21006', 'TR026', 'S1', '2', 'Ravi Agarwal', 'Male', '1992-02-24', 'Middle'),
('P203', 'PNR21006', 'TR026', 'S1', '3', 'Neha Agarwal', 'Female', '2020-07-11', 'Upper'),
('P204', 'PNR21007', 'TR027', 'G1', '1', 'Girish Naik', 'Male', '1982-12-28', 'Window'),
('P205', 'PNR21007', 'TR027', 'G1', '2', 'Pallavi Naik', 'Female', '1985-06-14', 'Middle'),
('P206', 'PNR21008', 'TR028', 'D1', '1', 'Shantala Gowda', 'Female', '1989-11-30', 'Window'),
('P207', 'PNR21009', 'TR029', 'S1', '1', 'Harpreet Singh', 'Male', '1977-05-17', 'Lower'),
('P208', 'PNR21009', 'TR029', 'S1', '2', 'Jaspreet Singh', 'Female', '1980-10-03', 'Middle'),
('P209', 'PNR21010', 'TR030', 'B1', '1', 'Avinash More', 'Male', '1984-03-20', 'Lower'),
('P210', 'PNR21011', 'TR031', 'G1', '1', 'Geeta Malviya', 'Female', '1991-08-06', 'Window'),
('P211', 'PNR21011', 'TR031', 'G1', '2', 'Sanjay Malviya', 'Male', '1988-01-22', 'Middle'),
('P212', 'PNR21012', 'TR032', 'S1', '1', 'Sanjeev Rathore', 'Male', '1996-06-08', 'Lower'),
('P213', 'PNR21012', 'TR032', 'S1', '2', 'Meera Rathore', 'Female', '1999-11-25', 'Middle'),
('P214', 'PNR21012', 'TR032', 'S1', '3', 'Karan Rathore', 'Male', '2024-04-12', 'Upper'),
('P215', 'PNR21013', 'TR033', 'D1', '1', 'Shilpa Verma', 'Female', '1985-09-29', 'Window'),
('P216', 'PNR21013', 'TR033', 'D1', '2', 'Rakesh Verma', 'Male', '1982-03-16', 'Middle'),
('P217', 'PNR21013', 'TR033', 'D1', '3', 'Rohan Verma', 'Male', '2010-08-02', 'Aisle'),
('P218', 'PNR21014', 'TR034', 'G1', '1', 'Nilesh Joshi', 'Male', '1993-01-18', 'Window'),
('P219', 'PNR21015', 'TR035', 'G1', '1', 'Anbarasan Murugan', 'Male', '1980-07-06', 'Window'),
('P220', 'PNR21015', 'TR035', 'G1', '2', 'Kavitha Murugan', 'Female', '1983-12-22', 'Middle'),
('P004', 'PNR22001', 'TR001', 'A5', '1', 'Aryan Joshi', 'Male', '1985-04-12', 'Lower'),
('P005', 'PNR22002', 'TR002', 'CC4', '1', 'Kavita Singh', 'Female', '1990-11-09', 'Window'),
('P006', 'PNR22002', 'TR002', 'CC4', '2', 'Rohan Singh', 'Male', '2015-07-22', 'Middle'),
('P007', 'PNR22003', 'TR003', 'B5', '1', 'Vijay Rajput', 'Male', '1988-12-05', 'Lower'),
('P008', 'PNR22003', 'TR003', 'B5', '2', 'Sneha Rajput', 'Female', '1991-04-17', 'Middle'),
('P009', 'PNR22003', 'TR003', 'B5', '3', 'Aditya Rajput', 'Male', '2018-10-11', 'Upper'),
('P010', 'PNR22004', 'TR004', 'C5', '1', 'Harish Menon', 'Male', '1979-06-20', 'Lower'),
('P011', 'PNR22004', 'TR004', 'C5', '2', 'Lakshmi Menon', 'Female', '1982-09-15', 'Middle'),
('P012', 'PNR22004', 'TR004', 'C5', '3', 'Arjun Menon', 'Male', '2008-12-01', 'Upper'),
('P013', 'PNR22004', 'TR004', 'C5', '4', 'Divya Menon', 'Female', '2012-03-08', 'Side Lower'),
('P014', 'PNR22005', 'TR005', 'S5', '1', 'Suresh Chatterjee', 'Male', '1975-08-30', 'Lower'),
('P015', 'PNR22006', 'TR006', 'CC5', '1', 'Gaurav Sharma', 'Male', '1982-03-10', 'Window'),
('P016', 'PNR22006', 'TR006', 'CC5', '2', 'Meera Sharma', 'Female', '1985-07-22', 'Middle'),
('P017', 'PNR22007', 'TR007', 'A6', '1', 'Ashok Singhal', 'Male', '1972-11-18', 'Lower'),
('P018', 'PNR22007', 'TR007', 'A6', '2', 'Geeta Singhal', 'Female', '1976-04-29', 'Upper'),
('P019', 'PNR22007', 'TR007', 'A6', '3', 'Amit Singhal', 'Male', '2001-08-11', 'Side Lower'),
('P020', 'PNR22008', 'TR008', 'S6', '1', 'Manoj Kulkarni', 'Male', '1981-05-24', 'Lower'),
('P021', 'PNR22008', 'TR008', 'S6', '2', 'Aarti Kulkarni', 'Female', '1985-10-16', 'Middle'),
('P022', 'PNR22008', 'TR008', 'S6', '3', 'Vikram Kulkarni', 'Male', '2009-12-28', 'Upper'),
('P023', 'PNR22008', 'TR008', 'S6', '4', 'Shruti Kulkarni', 'Female', '2013-06-09', 'Side Lower'),
('P024', 'PNR22009', 'TR009', 'B6', '1', 'Deepak Varma', 'Male', '1986-09-07', 'Lower'),
('P025', 'PNR22010', 'TR010', 'B6', '1', 'Sanjay Reddy', 'Male', '1979-12-14', 'Lower'),
('P026', 'PNR22010', 'TR010', 'B6', '2', 'Padma Reddy', 'Female', '1983-05-26', 'Middle'),
('P027', 'PNR22011', 'TR011', 'D5', '1', 'Rajesh Joshi', 'Male', '1992-02-28', 'Window'),
('P028', 'PNR22011', 'TR011', 'D5', '2', 'Kiran Joshi', 'Female', '1995-07-11', 'Middle'),
('P029', 'PNR22011', 'TR011', 'D5', '3', 'Yash Joshi', 'Male', '2020-09-02', 'Aisle'),
('P030', 'PNR22012', 'TR012', 'B7', '1', 'Pramod Tiwari', 'Male', '1984-10-09', 'Lower'),
('P031', 'PNR22012', 'TR012', 'B7', '2', 'Sunita Tiwari', 'Female', '1988-03-20', 'Middle'),
('P032', 'PNR22012', 'TR012', 'B7', '3', 'Ankit Tiwari', 'Male', '2012-08-14', 'Upper'),
('P033', 'PNR22012', 'TR012', 'B7', '4', 'Neha Tiwari', 'Female', '2016-11-29', 'Side Lower'),
('P034', 'PNR22013', 'TR013', 'CC6', '1', 'Vikas Patel', 'Male', '1977-06-18', 'Window'),
('P035', 'PNR22014', 'TR014', 'S7', '1', 'Anil Deshmukh', 'Male', '1989-01-30', 'Lower'),
('P036', 'PNR22014', 'TR014', 'S7', '2', 'Pooja Deshmukh', 'Female', '1992-06-12', 'Middle'),
('P037', 'PNR22015', 'TR015', 'B8', '1', 'Mukesh Agarwal', 'Male', '1982-08-25', 'Lower'),
('P038', 'PNR22015', 'TR015', 'B8', '2', 'Anita Agarwal', 'Female', '1985-01-08', 'Middle'),
('P039', 'PNR22015', 'TR015', 'B8', '3', 'Rajat Agarwal', 'Male', '2009-06-21', 'Upper'),
('P040', 'PNR23001', 'TR001', 'A7', '1', 'Devendra Singh', 'Male', '1974-05-11', 'Lower'),
('P041', 'PNR23001', 'TR001', 'A7', '2', 'Kamla Singh', 'Female', '1977-10-23', 'Middle'),
('P042', 'PNR23001', 'TR001', 'A7', '3', 'Yuvraj Singh', 'Male', '2001-12-14', 'Upper'),
('P043', 'PNR23001', 'TR001', 'A7', '4', 'Simran Singh', 'Female', '2005-02-09', 'Side Lower'),
('P044', 'PNR23002', 'TR002', 'CC5', '5', 'Gopal Krishnan', 'Male', '1980-03-29', 'Window'),
('P045', 'PNR23003', 'TR003', 'B7', '1', 'Mohan Lal', 'Male', '1987-02-24', 'Lower'),
('P046', 'PNR23003', 'TR003', 'B7', '2', 'Kusum Lal', 'Female', '1990-08-15', 'Middle'),
('P047', 'PNR23004', 'TR004', 'C6', '5', 'Tarun Bajaj', 'Male', '1982-06-03', 'Lower'),
('P048', 'PNR23004', 'TR004', 'C6', '6', 'Richa Bajaj', 'Female', '1985-09-19', 'Middle'),
('P049', 'PNR23004', 'TR004', 'C6', '7', 'Aditya Bajaj', 'Male', '2010-02-12', 'Upper'),
('P050', 'PNR23005', 'TR005', 'S6', '5', 'Sumit Bansal', 'Male', '1991-04-18', 'Lower'),
('P051', 'PNR23005', 'TR005', 'S6', '6', 'Kirti Bansal', 'Female', '1994-11-22', 'Middle'),
('P052', 'PNR23005', 'TR005', 'S6', '7', 'Arnav Bansal', 'Male', '2019-07-06', 'Upper'),
('P053', 'PNR23005', 'TR005', 'S6', '8', 'Riya Bansal', 'Female', '2022-10-15', 'Side Lower'),
('P054', 'PNR23006', 'TR006', 'CC6', '5', 'Pranay Rastogi', 'Male', '1985-01-30', 'Window'),
('P055', 'PNR23007', 'TR007', 'A7', '5', 'Vivek Chawla', 'Male', '1978-08-14', 'Lower'),
('P056', 'PNR23007', 'TR007', 'A7', '6', 'Ritu Chawla', 'Female', '1982-02-09', 'Middle'),
('P057', 'PNR23008', 'TR008', 'S7', '5', 'Alok Nath', 'Male', '1965-12-05', 'Lower'),
('P058', 'PNR23008', 'TR008', 'S7', '6', 'Sushma Nath', 'Female', '1969-05-17', 'Middle'),
('P059', 'PNR23008', 'TR008', 'S7', '7', 'Kiran Nath', 'Female', '1995-09-21', 'Upper'),
('P060', 'PNR23009', 'TR009', 'B7', '5', 'Mahesh Babu', 'Male', '1988-06-11', 'Lower'),
('P061', 'PNR23009', 'TR009', 'B7', '6', 'Anjali Babu', 'Female', '1992-01-29', 'Middle'),
('P062', 'PNR23009', 'TR009', 'B7', '7', 'Rakesh Babu', 'Male', '2016-10-04', 'Upper'),
('P063', 'PNR23009', 'TR009', 'B7', '8', 'Meghna Babu', 'Female', '2020-03-12', 'Side Lower'),
('P064', 'PNR23010', 'TR010', 'B8', '5', 'Prakash Raj', 'Male', '1972-11-20', 'Lower'),
('P065', 'PNR23011', 'TR011', 'D6', '5', 'Rajni Kant', 'Male', '1984-07-07', 'Window'),
('P066', 'PNR23011', 'TR011', 'D6', '6', 'Latha Kant', 'Female', '1987-12-19', 'Middle'),
('P067', 'PNR23012', 'TR012', 'B9', '5', 'Kamal Haasan', 'Male', '1970-04-25', 'Lower'),
('P068', 'PNR23012', 'TR012', 'B9', '6', 'Shruti Haasan', 'Female', '1998-08-30', 'Middle'),
('P069', 'PNR23012', 'TR012', 'B9', '7', 'Akshara Haasan', 'Female', '2001-02-14', 'Upper'),
('P070', 'PNR23013', 'TR013', 'CC7', '5', 'Chiranjeevi', 'Male', '1981-09-02', 'Window'),
('P071', 'PNR23013', 'TR013', 'CC7', '6', 'Surekha', 'Female', '1985-05-16', 'Middle'),
('P072', 'PNR23013', 'TR013', 'CC7', '7', 'Ram Charan', 'Male', '2010-11-28', 'Aisle'),
('P073', 'PNR23013', 'TR013', 'CC7', '8', 'Sushmita', 'Female', '2014-07-09', 'Aisle'),
('P074', 'PNR23014', 'TR014', 'S8', '5', 'Nagarjuna', 'Male', '1976-10-18', 'Lower'),
('P075', 'PNR24001', 'TR001', 'A8', '1', 'Balakrishna', 'Male', '1968-01-05', 'Lower'),
('P076', 'PNR24001', 'TR001', 'A8', '2', 'Vasundhara', 'Female', '1972-06-22', 'Upper'),
('P077', 'PNR24002', 'TR002', 'CC6', '1', 'Venkatesh', 'Male', '1979-12-14', 'Window'),
('P078', 'PNR24002', 'TR002', 'CC6', '2', 'Amala', 'Female', '1983-04-01', 'Middle'),
('P079', 'PNR24002', 'TR002', 'CC6', '3', 'Naga Chaitanya', 'Male', '2006-09-15', 'Aisle'),
('P080', 'PNR24003', 'TR003', 'B8', '1', 'Pawan Kalyan', 'Male', '1982-08-27', 'Lower'),
('P081', 'PNR24003', 'TR003', 'B8', '2', 'Nandini', 'Female', '1986-01-09', 'Middle'),
('P082', 'PNR24003', 'TR003', 'B8', '3', 'Mokshagna', 'Male', '2012-05-23', 'Upper'),
('P083', 'PNR24003', 'TR003', 'B8', '4', 'Brahmani', 'Female', '2016-10-06', 'Side Lower'),
('P084', 'PNR24004', 'TR004', 'C7', '1', 'Ravi Teja', 'Male', '1985-03-12', 'Lower'),
('P085', 'PNR24005', 'TR005', 'S7', '1', 'Allu Arjun', 'Male', '1990-11-25', 'Lower'),
('P086', 'PNR24005', 'TR005', 'S7', '2', 'Sneha Reddy', 'Female', '1994-07-08', 'Middle'),
('P087', 'PNR24006', 'TR006', 'CC7', '1', 'Ram Pothineni', 'Male', '1988-06-20', 'Window'),
('P088', 'PNR24006', 'TR006', 'CC7', '2', 'Sree Sree', 'Female', '1992-02-02', 'Middle'),
('P089', 'PNR24006', 'TR006', 'CC7', '3', 'Karthik', 'Male', '2018-09-14', 'Aisle'),
('P090', 'PNR24007', 'TR007', 'A8', '3', 'Nani', 'Male', '1993-04-10', 'Lower'),
('P091', 'PNR24007', 'TR007', 'A8', '4', 'Anjana', 'Female', '1996-08-25', 'Upper'),
('P092', 'PNR24007', 'TR007', 'A8', '5', 'Arjun', 'Male', '2022-12-05', 'Side Lower'),
('P093', 'PNR24007', 'TR007', 'A8', '6', 'Shruti', 'Female', '2025-03-18', 'Side Upper'),
('P094', 'PNR24008', 'TR008', 'S8', '5', 'Vijay Devarakonda', 'Male', '1995-10-21', 'Lower'),
('P095', 'PNR24009', 'TR009', 'B8', '5', 'Nithin', 'Male', '1991-01-16', 'Lower'),
('P096', 'PNR24009', 'TR009', 'B8', '6', 'Shalini', 'Female', '1994-06-03', 'Middle'),
('P097', 'PNR24010', 'TR010', 'B9', '1', 'Sharwanand', 'Male', '1992-08-11', 'Lower'),
('P098', 'PNR24010', 'TR010', 'B9', '2', 'Rakshita', 'Female', '1996-02-28', 'Middle'),
('P099', 'PNR24010', 'TR010', 'B9', '3', 'Siddharth', 'Male', '2021-07-15', 'Upper'),
('P100', 'PNR24011', 'TR011', 'D7', '1', 'Akhil Akkineni', 'Male', '1996-05-09', 'Window'),
('P101', 'PNR24011', 'TR011', 'D7', '2', 'Shriya', 'Female', '1999-11-22', 'Middle'),
('P102', 'PNR24011', 'TR011', 'D7', '3', 'Kavya', 'Female', '2024-04-06', 'Aisle'),
('P103', 'PNR24011', 'TR011', 'D7', '4', 'Rahul', 'Male', '2026-01-19', 'Aisle'),
('P104', 'PNR24012', 'TR012', 'B10', '1', 'Varun Tej', 'Male', '1994-03-05', 'Lower'),
('P105', 'PNR24013', 'TR013', 'CC8', '1', 'Sai Dharam Tej', 'Male', '1993-12-20', 'Window'),
('P106', 'PNR24013', 'TR013', 'CC8', '2', 'Nabha', 'Female', '1997-07-08', 'Middle'),
('P107', 'PNR24014', 'TR014', 'S9', '5', 'Kalyan Ram', 'Male', '1989-09-14', 'Lower'),
('P108', 'PNR24014', 'TR014', 'S9', '6', 'Swathi', 'Female', '1993-01-30', 'Middle'),
('P109', 'PNR24014', 'TR014', 'S9', '7', 'Abhay', 'Male', '2019-06-12', 'Upper'),
('P110', 'PNR25001', 'TR001', 'A9', '1', 'Sudheer Babu', 'Male', '1988-11-26', 'Lower'),
('P111', 'PNR25001', 'TR001', 'A9', '2', 'Priyadarshini', 'Female', '1992-04-15', 'Upper'),
('P112', 'PNR25001', 'TR001', 'A9', '3', 'Charith', 'Male', '2015-09-28', 'Side Lower'),
('P113', 'PNR25001', 'TR001', 'A9', '4', 'Darshan', 'Male', '2018-02-11', 'Side Upper'),
('P114', 'PNR25002', 'TR002', 'CC6', '4', 'Vishwak Sen', 'Male', '1995-02-03', 'Window'),
('P115', 'PNR25003', 'TR003', 'B8', '5', 'Adivi Sesh', 'Male', '1990-07-19', 'Lower'),
('P116', 'PNR25003', 'TR003', 'B8', '6', 'Supriya', 'Female', '1994-12-05', 'Middle'),
('P117', 'PNR25004', 'TR004', 'C7', '2', 'Sundeep Kishan', 'Male', '1992-10-24', 'Lower'),
('P118', 'PNR25004', 'TR004', 'C7', '3', 'Nandini', 'Female', '1996-03-10', 'Middle'),
('P119', 'PNR25004', 'TR004', 'C7', '4', 'Kiran', 'Male', '2022-08-22', 'Upper'),
('P120', 'PNR25005', 'TR005', 'S7', '3', 'Naga Shaurya', 'Male', '1994-05-18', 'Lower'),
('P121', 'PNR25005', 'TR005', 'S7', '4', 'Ritu', 'Female', '1998-10-02', 'Middle'),
('P122', 'PNR25005', 'TR005', 'S7', '5', 'Karthik', 'Male', '2024-03-15', 'Upper'),
('P123', 'PNR25005', 'TR005', 'S7', '6', 'Divya', 'Female', '2026-08-29', 'Side Lower'),
('P124', 'PNR25006', 'TR006', 'CC7', '4', 'Navdeep', 'Male', '1987-12-11', 'Window'),
('P125', 'PNR25007', 'TR007', 'A9', '5', 'Tarun', 'Male', '1985-02-26', 'Lower'),
('P126', 'PNR25007', 'TR007', 'A9', '6', 'Aarti', 'Female', '1989-07-14', 'Upper'),
('P127', 'PNR25008', 'TR008', 'S8', '6', 'Uday Kiran', 'Male', '1983-09-22', 'Lower'),
('P128', 'PNR25008', 'TR008', 'S8', '7', 'Vishitha', 'Female', '1987-02-08', 'Middle'),
('P129', 'PNR25008', 'TR008', 'S8', '8', 'Sanjay', 'Male', '2013-07-21', 'Upper'),
('P130', 'PNR25009', 'TR009', 'B9', '4', 'Gopichand', 'Male', '1986-05-04', 'Lower'),
('P131', 'PNR25009', 'TR009', 'B9', '5', 'Reshma', 'Female', '1990-10-19', 'Middle'),
('P132', 'PNR25009', 'TR009', 'B9', '6', 'Vijay', 'Male', '2016-03-02', 'Upper'),
('P133', 'PNR25009', 'TR009', 'B9', '7', 'Kavita', 'Female', '2019-08-16', 'Side Lower'),
('P134', 'PNR25010', 'TR010', 'B10', '2', 'Ram', 'Male', '1991-01-28', 'Lower'),
('P135', 'PNR25011', 'TR011', 'D7', '5', 'Manchu Manoj', 'Male', '1984-06-13', 'Window'),
('P136', 'PNR25011', 'TR011', 'D7', '6', 'Pranathi', 'Female', '1988-11-27', 'Middle'),
('P137', 'PNR25012', 'TR012', 'B10', '3', 'Srikanth', 'Male', '1979-08-20', 'Lower'),
('P138', 'PNR25012', 'TR012', 'B10', '4', 'Ooha', 'Female', '1983-01-05', 'Middle'),
('P139', 'PNR25012', 'TR012', 'B10', '5', 'Roshan', 'Male', '2008-06-18', 'Upper'),
('P140', 'PNR25013', 'TR013', 'CC8', '3', 'Jagapathi Babu', 'Male', '1974-10-31', 'Window'),
('P141', 'PNR25013', 'TR013', 'CC8', '4', 'Padma', 'Female', '1978-03-16', 'Middle'),
('P142', 'PNR25013', 'TR013', 'CC8', '5', 'Rohan', 'Male', '2005-08-29', 'Aisle'),
('P143', 'PNR25013', 'TR013', 'CC8', '6', 'Meghana', 'Female', '2009-01-11', 'Aisle'),
('P144', 'PNR25014', 'TR014', 'S10', '5', 'Venu', 'Male', '1976-02-23', 'Lower'),
('P145', 'PNR26001', 'TR001', 'A10', '1', 'Aryan Joshi', 'Male', '1985-04-12', 'Lower'),
('P146', 'PNR26001', 'TR001', 'A10', '2', 'Kavita Singh', 'Female', '1990-11-09', 'Middle'),
('P147', 'PNR26002', 'TR002', 'CC7', '1', 'Rohan Singh', 'Male', '2015-07-22', 'Upper'),
('P148', 'PNR26002', 'TR002', 'CC7', '2', 'Vijay Rajput', 'Male', '1988-12-05', 'Side Lower'),
('P149', 'PNR26002', 'TR002', 'CC7', '3', 'Sneha Rajput', 'Female', '1991-04-17', 'Side Upper'),
('P150', 'PNR26003', 'TR003', 'B9', '1', 'Aditya Rajput', 'Male', '2018-10-11', 'Lower'),
('P151', 'PNR26003', 'TR003', 'B9', '2', 'Harish Menon', 'Male', '1979-06-20', 'Middle'),
('P152', 'PNR26003', 'TR003', 'B9', '3', 'Lakshmi Menon', 'Female', '1982-09-15', 'Upper'),
('P153', 'PNR26003', 'TR003', 'B9', '4', 'Arjun Menon', 'Male', '2008-12-01', 'Side Lower'),
('P154', 'PNR26004', 'TR004', 'C8', '1', 'Divya Menon', 'Female', '2012-03-08', 'Side Upper'),
('P155', 'PNR26005', 'TR005', 'S8', '1', 'Suresh Chatterjee', 'Male', '1975-08-30', 'Lower'),
('P156', 'PNR26005', 'TR005', 'S8', '2', 'Gaurav Sharma', 'Male', '1982-03-10', 'Middle'),
('P157', 'PNR26006', 'TR006', 'CC8', '1', 'Meera Sharma', 'Female', '1985-07-22', 'Upper'),
('P158', 'PNR26006', 'TR006', 'CC8', '2', 'Ashok Singhal', 'Male', '1972-11-18', 'Side Lower'),
('P159', 'PNR26006', 'TR006', 'CC8', '3', 'Geeta Singhal', 'Female', '1976-04-29', 'Side Upper'),
('P160', 'PNR26007', 'TR007', 'A10', '3', 'Amit Singhal', 'Male', '2001-08-11', 'Lower'),
('P161', 'PNR26007', 'TR007', 'A10', '4', 'Manoj Kulkarni', 'Male', '1981-05-24', 'Middle'),
('P162', 'PNR26007', 'TR007', 'A10', '5', 'Aarti Kulkarni', 'Female', '1985-10-16', 'Upper'),
('P163', 'PNR26007', 'TR007', 'A10', '6', 'Vikram Kulkarni', 'Male', '2009-12-28', 'Side Lower'),
('P164', 'PNR26008', 'TR008', 'S9', '1', 'Shruti Kulkarni', 'Female', '2013-06-09', 'Side Upper'),
('P165', 'PNR26009', 'TR009', 'B10', '1', 'Deepak Varma', 'Male', '1986-09-07', 'Lower'),
('P166', 'PNR26009', 'TR009', 'B10', '2', 'Sanjay Reddy', 'Male', '1979-12-14', 'Middle'),
('P167', 'PNR26010', 'TR010', 'B10', '6', 'Padma Reddy', 'Female', '1983-05-26', 'Upper'),
('P168', 'PNR26010', 'TR010', 'B10', '7', 'Rajesh Joshi', 'Male', '1992-02-28', 'Side Lower'),
('P169', 'PNR26010', 'TR010', 'B10', '8', 'Kiran Joshi', 'Female', '1995-07-11', 'Side Upper'),
('P170', 'PNR26011', 'TR011', 'D8', '1', 'Yash Joshi', 'Male', '2020-09-02', 'Lower'),
('P171', 'PNR26011', 'TR011', 'D8', '2', 'Pramod Tiwari', 'Male', '1984-10-09', 'Middle'),
('P172', 'PNR26011', 'TR011', 'D8', '3', 'Sunita Tiwari', 'Female', '1988-03-20', 'Upper'),
('P173', 'PNR26011', 'TR011', 'D8', '4', 'Ankit Tiwari', 'Male', '2012-08-14', 'Side Lower'),
('P174', 'PNR26012', 'TR012', 'B10', '8', 'Neha Tiwari', 'Female', '2016-11-29', 'Side Upper'),
('P175', 'PNR26013', 'TR013', 'CC8', '7', 'Vikas Patel', 'Male', '1977-06-18', 'Lower'),
('P176', 'PNR26013', 'TR013', 'CC8', '8', 'Anil Deshmukh', 'Male', '1989-01-30', 'Middle'),
('P177', 'PNR26014', 'TR014', 'S10', '6', 'Pooja Deshmukh', 'Female', '1992-06-12', 'Upper'),
('P178', 'PNR26014', 'TR014', 'S10', '7', 'Mukesh Agarwal', 'Male', '1982-08-25', 'Side Lower'),
('P179', 'PNR26014', 'TR014', 'S10', '8', 'Anita Agarwal', 'Female', '1985-01-08', 'Side Upper'),
('P180', 'PNR27001', 'TR001', 'A10', '7', 'Rajat Agarwal', 'Male', '2009-06-21', 'Lower'),
('P181', 'PNR27001', 'TR001', 'A10', '8', 'Devendra Singh', 'Male', '1974-05-11', 'Middle'),
('P182', 'PNR27001', 'TR001', 'A10', '9', 'Kamla Singh', 'Female', '1977-10-23', 'Upper'),
('P183', 'PNR27001', 'TR001', 'A10', '10', 'Yuvraj Singh', 'Male', '2001-12-14', 'Side Lower'),
('P184', 'PNR27002', 'TR002', 'CC7', '4', 'Simran Singh', 'Female', '2005-02-09', 'Side Upper'),
('P185', 'PNR27003', 'TR003', 'B9', '5', 'Gopal Krishnan', 'Male', '1980-03-29', 'Lower'),
('P186', 'PNR27003', 'TR003', 'B9', '6', 'Mohan Lal', 'Male', '1987-02-24', 'Middle'),
('P187', 'PNR27004', 'TR004', 'C8', '2', 'Kusum Lal', 'Female', '1990-08-15', 'Upper'),
('P188', 'PNR27004', 'TR004', 'C8', '3', 'Tarun Bajaj', 'Male', '1982-06-03', 'Side Lower'),
('P189', 'PNR27004', 'TR004', 'C8', '4', 'Richa Bajaj', 'Female', '1985-09-19', 'Side Upper'),
('P190', 'PNR27005', 'TR005', 'S8', '3', 'Aditya Bajaj', 'Male', '2010-02-12', 'Lower'),
('P191', 'PNR27005', 'TR005', 'S8', '4', 'Sumit Bansal', 'Male', '1991-04-18', 'Middle'),
('P192', 'PNR27005', 'TR005', 'S8', '5', 'Kirti Bansal', 'Female', '1994-11-22', 'Upper'),
('P193', 'PNR27005', 'TR005', 'S8', '6', 'Arnav Bansal', 'Male', '2019-07-06', 'Side Lower'),
('P194', 'PNR27006', 'TR006', 'CC8', '4', 'Riya Bansal', 'Female', '2022-10-15', 'Side Upper'),
('P195', 'PNR27007', 'TR007', 'A10', '11', 'Pranay Rastogi', 'Male', '1985-01-30', 'Lower'),
('P196', 'PNR27007', 'TR007', 'A10', '12', 'Vivek Chawla', 'Male', '1978-08-14', 'Middle'),
('P197', 'PNR27008', 'TR008', 'S9', '2', 'Ritu Chawla', 'Female', '1982-02-09', 'Upper'),
('P198', 'PNR27008', 'TR008', 'S9', '3', 'Alok Nath', 'Male', '1965-12-05', 'Side Lower'),
('P199', 'PNR27008', 'TR008', 'S9', '4', 'Sushma Nath', 'Female', '1969-05-17', 'Side Upper'),
('P200', 'PNR27009', 'TR009', 'B10', '3', 'Kiran Nath', 'Female', '1995-09-21', 'Lower'),
('P201', 'PNR27009', 'TR009', 'B10', '4', 'Mahesh Babu', 'Male', '1988-06-11', 'Middle'),
('P202', 'PNR27009', 'TR009', 'B10', '5', 'Anjali Babu', 'Female', '1992-01-29', 'Upper'),
('P203', 'PNR27009', 'TR009', 'B10', '6', 'Rakesh Babu', 'Male', '2016-10-04', 'Side Lower'),
('P204', 'PNR27010', 'TR010', 'B10', '9', 'Meghna Babu', 'Female', '2020-03-12', 'Side Upper'),
('P205', 'PNR27011', 'TR011', 'D8', '5', 'Prakash Raj', 'Male', '1972-11-20', 'Lower'),
('P206', 'PNR27011', 'TR011', 'D8', '6', 'Rajni Kant', 'Male', '1984-07-07', 'Middle'),
('P207', 'PNR27012', 'TR012', 'B10', '9', 'Latha Kant', 'Female', '1987-12-19', 'Upper'),
('P208', 'PNR27012', 'TR012', 'B10', '10', 'Kamal Haasan', 'Male', '1970-04-25', 'Side Lower'),
('P209', 'PNR27012', 'TR012', 'B10', '11', 'Shruti Haasan', 'Female', '1998-08-30', 'Side Upper'),
('P210', 'PNR27013', 'TR013', 'EC1', '1', 'Akshara Haasan', 'Female', '2001-02-14', 'Lower'),
('P211', 'PNR27013', 'TR013', 'EC1', '2', 'Chiranjeevi', 'Male', '1981-09-02', 'Middle'),
('P212', 'PNR27013', 'TR013', 'EC1', '3', 'Surekha', 'Female', '1985-05-16', 'Upper'),
('P213', 'PNR27013', 'TR013', 'EC1', '4', 'Ram Charan', 'Male', '2010-11-28', 'Side Lower'),
('P214', 'PNR27014', 'TR014', 'S10', '9', 'Sushmita', 'Female', '2014-07-09', 'Side Upper'),
('P215', 'PNR28001', 'TR001', 'A10', '1', 'Nagarjuna', 'Male', '1976-10-18', 'Lower'),
('P216', 'PNR28001', 'TR001', 'A10', '2', 'Balakrishna', 'Male', '1968-01-05', 'Middle'),
('P217', 'PNR28002', 'TR002', 'CC7', '5', 'Vasundhara', 'Female', '1972-06-22', 'Upper'),
('P218', 'PNR28002', 'TR002', 'CC7', '6', 'Venkatesh', 'Male', '1979-12-14', 'Side Lower'),
('P219', 'PNR28002', 'TR002', 'CC7', '7', 'Amala', 'Female', '1983-04-01', 'Side Upper'),
('P220', 'PNR28003', 'TR003', 'B9', '7', 'Naga Chaitanya', 'Male', '2006-09-15', 'Lower'),
('P221', 'PNR28003', 'TR003', 'B9', '8', 'Pawan Kalyan', 'Male', '1982-08-27', 'Middle'),
('P222', 'PNR28003', 'TR003', 'B9', '9', 'Nandini', 'Female', '1986-01-09', 'Upper'),
('P223', 'PNR28003', 'TR003', 'B9', '10', 'Mokshagna', 'Male', '2012-05-23', 'Side Lower'),
('P224', 'PNR28004', 'TR004', 'C8', '5', 'Brahmani', 'Female', '2016-10-06', 'Side Upper'),
('P225', 'PNR28005', 'TR005', 'S8', '7', 'Ravi Teja', 'Male', '1985-03-12', 'Lower'),
('P226', 'PNR28005', 'TR005', 'S8', '8', 'Allu Arjun', 'Male', '1990-11-25', 'Middle'),
('P227', 'PNR28006', 'TR006', 'CC8', '5', 'Sneha Reddy', 'Female', '1994-07-08', 'Upper'),
('P228', 'PNR28006', 'TR006', 'CC8', '6', 'Ram Pothineni', 'Male', '1988-06-20', 'Side Lower'),
('P229', 'PNR28006', 'TR006', 'CC8', '7', 'Sree Sree', 'Female', '1992-02-02', 'Side Upper'),
('P230', 'PNR28007', 'TR007', 'A10', '3', 'Karthik', 'Male', '2018-09-14', 'Lower'),
('P231', 'PNR28007', 'TR007', 'A10', '4', 'Nani', 'Male', '1993-04-10', 'Middle'),
('P232', 'PNR28007', 'TR007', 'A10', '5', 'Anjana', 'Female', '1996-08-25', 'Upper'),
('P233', 'PNR28007', 'TR007', 'A10', '6', 'Arjun', 'Male', '2022-12-05', 'Side Lower'),
('P234', 'PNR28008', 'TR008', 'S9', '5', 'Shruti', 'Female', '2025-03-18', 'Side Upper'),
('P235', 'PNR28009', 'TR009', 'B10', '7', 'Vijay Devarakonda', 'Male', '1995-10-21', 'Lower'),
('P236', 'PNR28009', 'TR009', 'B10', '8', 'Nithin', 'Male', '1991-01-16', 'Middle'),
('P237', 'PNR28010', 'TR010', 'B10', '10', 'Shalini', 'Female', '1994-06-03', 'Upper'),
('P238', 'PNR28010', 'TR010', 'B10', '11', 'Sharwanand', 'Male', '1992-08-11', 'Side Lower'),
('P239', 'PNR28010', 'TR010', 'B10', '12', 'Rakshita', 'Female', '1996-02-28', 'Side Upper'),
('P240', 'PNR28011', 'TR011', 'D8', '7', 'Siddharth', 'Male', '2021-07-15', 'Lower'),
('P241', 'PNR28011', 'TR011', 'D8', '8', 'Akhil Akkineni', 'Male', '1996-05-09', 'Middle'),
('P242', 'PNR28011', 'TR011', 'D8', '9', 'Shriya', 'Female', '1999-11-22', 'Upper'),
('P243', 'PNR28011', 'TR011', 'D8', '10', 'Kavya', 'Female', '2024-04-06', 'Side Lower'),
('P244', 'PNR28012', 'TR012', 'B10', '12', 'Rahul', 'Male', '2026-01-19', 'Side Upper'),
('P245', 'PNR28013', 'TR013', 'EC1', '5', 'Varun Tej', 'Male', '1994-03-05', 'Lower'),
('P246', 'PNR28013', 'TR013', 'EC1', '6', 'Sai Dharam Tej', 'Male', '1993-12-20', 'Middle'),
('P247', 'PNR28014', 'TR014', 'S10', '10', 'Nabha', 'Female', '1997-07-08', 'Upper'),
('P248', 'PNR28014', 'TR014', 'S10', '11', 'Kalyan Ram', 'Male', '1989-09-14', 'Side Lower'),
('P249', 'PNR28014', 'TR014', 'S10', '12', 'Swathi', 'Female', '1993-01-30', 'Side Upper'),
('P250', 'PNR28015', 'TR015', 'B8', '4', 'Abhay', 'Male', '2019-06-12', 'Lower'),
('P251', 'PNR28015', 'TR015', 'B8', '5', 'Sudheer Babu', 'Male', '1988-11-26', 'Middle'),
('P252', 'PNR28015', 'TR015', 'B8', '6', 'Priyadarshini', 'Female', '1992-04-15', 'Upper'),
('P253', 'PNR28015', 'TR015', 'B8', '7', 'Charith', 'Male', '2015-09-28', 'Side Lower');

-- 24. Ticket_Refund table: Records cancellations with reason codes and refund amounts.
-- Reason codes follow the standard IRCTC cancellation taxonomy.
-- These entries test the refund processing workflow and help verify FK constraints
-- between tickets and refunds (PNR must exist before a refund can be issued).
INSERT INTO ticket_refund (refund_id, pnr, reason_code, refund_amount, refund_date) VALUES
('RF101', 'PNR15004', 'USER_CANCELLED', 1500.00, '2026-04-11'),
('RF102', 'PNR15008', 'TRAIN_DELAY', 620.00, '2026-04-12'),
('RF103', 'PNR16002', 'USER_CANCELLED', 795.00, '2026-04-12'),
('RF104', 'PNR16010', 'MEDICAL_EMERGENCY', 1900.00, '2026-04-13'),
('RF105', 'PNR17005', 'USER_CANCELLED', 195.00, '2026-04-14'),
('RF106', 'PNR18009', 'TRAIN_CANCELLED', 1488.00, '2026-04-15'),
('RF107', 'PNR19012', 'USER_CANCELLED', 1020.00, '2026-04-16'),
('RF108', 'PNR20003', 'USER_CANCELLED', 1860.00, '2026-04-17'),
('RF109', 'PNR20014', 'TRAIN_DELAY', 390.00, '2026-04-18'),
('RF110', 'PNR21007', 'USER_CANCELLED', 2400.00, '2026-04-19');

-- 25. Live_Train_Status table (Day 1 – April 15, 2026): Real-time departure records
-- for all 35 trains. Mix of on-time and delayed departures, with realistic delay
-- reasons like fog, signal failure, and crew change. Used to test live tracking queries
-- and delay aggregation reports.
INSERT INTO live_train_status(schedule_train_id, schedule_starting_ts, station_id, delay_minutes, delay_reason, reported_time, status) VALUES
('TR001', '2026-04-15 16:30:00', 'ST001', 0, NULL, '2026-04-15 16:30:00', 'On Time'),
('TR002', '2026-04-15 06:00:00', 'ST001', 0, NULL, '2026-04-15 06:00:00', 'On Time'),
('TR003', '2026-04-15 23:10:00', 'ST004', 0, NULL, '2026-04-15 23:10:00', 'On Time'),
('TR004', '2026-04-15 07:30:00', 'ST007', 0, NULL, '2026-04-15 07:30:00', 'On Time'),
('TR005', '2026-04-15 17:20:00', 'ST010', 0, NULL, '2026-04-15 17:20:00', 'On Time'),
('TR006', '2026-04-15 06:10:00', 'ST001', 15, 'Late arrival of pairing train', '2026-04-15 06:25:00', 'Running Late'),
('TR007', '2026-04-15 17:10:00', 'ST001', 10, 'VIP Movement platform hold', '2026-04-15 17:20:00', 'Running Late'),
('TR008', '2026-04-15 06:40:00', 'ST013', 0, NULL, '2026-04-15 06:40:00', 'On Time'),
('TR009', '2026-04-15 14:30:00', 'ST008', 5, 'Parcel loading delay', '2026-04-15 14:35:00', 'Running Late'),
('TR010', '2026-04-15 15:55:00', 'ST016', 0, NULL, '2026-04-15 15:55:00', 'On Time'),
('TR011', '2026-04-15 14:30:00', 'ST001', 0, NULL, '2026-04-15 14:30:00', 'On Time'),
('TR012', '2026-04-15 20:00:00', 'ST010', 0, NULL, '2026-04-15 20:00:00', 'On Time'),
('TR013', '2026-04-15 14:40:00', 'ST006', 20, 'Signal clearance issue', '2026-04-15 15:00:00', 'Running Late'),
('TR014', '2026-04-15 09:15:00', 'ST009', 0, NULL, '2026-04-15 09:15:00', 'On Time'),
('TR015', '2026-04-15 13:50:00', 'ST001', 0, NULL, '2026-04-15 13:50:00', 'On Time'),
('TR016', '2026-04-15 16:00:00', 'ST049', 12, 'Technical inspection required', '2026-04-15 16:12:00', 'Running Late'),
('TR017', '2026-04-15 08:00:00', 'ST041', 0, NULL, '2026-04-15 08:00:00', 'On Time'),
('TR018', '2026-04-15 05:45:00', 'ST087', 0, NULL, '2026-04-15 05:45:00', 'On Time'),
('TR019', '2026-04-15 06:15:00', 'ST069', 0, NULL, '2026-04-15 06:15:00', 'On Time'),
('TR020', '2026-04-15 06:00:00', 'ST063', 8, 'Loco link delay', '2026-04-15 06:08:00', 'Running Late'),
('TR021', '2026-04-15 07:30:00', 'ST059', 0, NULL, '2026-04-15 07:30:00', 'On Time'),
('TR022', '2026-04-15 05:45:00', 'ST091', 0, NULL, '2026-04-15 05:45:00', 'On Time'),
('TR023', '2026-04-15 05:00:00', 'ST018', 0, NULL, '2026-04-15 05:00:00', 'On Time'),
('TR024', '2026-04-15 06:00:00', 'ST095', 0, NULL, '2026-04-15 06:00:00', 'On Time'),
('TR025', '2026-04-15 08:00:00', 'ST099', 0, NULL, '2026-04-15 08:00:00', 'On Time'),
('TR026', '2026-04-15 06:00:00', 'ST067', 15, 'Track point failure at yard', '2026-04-15 06:15:00', 'Running Late'),
('TR027', '2026-04-15 05:30:00', 'ST069', 0, NULL, '2026-04-15 05:30:00', 'On Time'),
('TR028', '2026-04-15 08:00:00', 'ST020', 0, NULL, '2026-04-15 08:00:00', 'On Time'),
('TR029', '2026-04-15 10:00:00', 'ST100', 5, 'Rake preparation delay', '2026-04-15 10:05:00', 'Running Late'),
('TR030', '2026-04-15 06:00:00', 'ST091', 0, NULL, '2026-04-15 06:00:00', 'On Time'),
('TR031', '2026-04-15 07:00:00', 'ST061', 0, NULL, '2026-04-15 07:00:00', 'On Time'),
('TR032', '2026-04-15 10:00:00', 'ST043', 0, NULL, '2026-04-15 10:00:00', 'On Time'),
('TR033', '2026-04-15 13:00:00', 'ST021', 25, 'Unscheduled VIP crossing', '2026-04-15 13:25:00', 'Running Late'),
('TR034', '2026-04-15 09:00:00', 'ST095', 0, NULL, '2026-04-15 09:00:00', 'On Time'),
('TR035', '2026-04-15 06:00:00', 'ST010', 0, NULL, '2026-04-15 06:00:00', 'On Time'),
('TR001', '2026-04-22 16:30:00', 'ST001', 0, NULL, '2026-04-22 16:30:00', 'On Time'),
('TR002', '2026-04-22 06:00:00', 'ST001', 12, 'Platform unavailable', '2026-04-22 06:12:00', 'Running Late'),
('TR003', '2026-04-22 23:10:00', 'ST004', 0, NULL, '2026-04-22 23:10:00', 'On Time'),
('TR004', '2026-04-22 07:30:00', 'ST007', 5, 'Late arrival of loco', '2026-04-22 07:35:00', 'Running Late'),
('TR005', '2026-04-22 17:20:00', 'ST010', 0, NULL, '2026-04-22 17:20:00', 'On Time'),
('TR006', '2026-04-22 06:10:00', 'ST001', 0, NULL, '2026-04-22 06:10:00', 'On Time'),
('TR007', '2026-04-22 17:10:00', 'ST001', 25, 'Signal failure', '2026-04-22 17:35:00', 'Running Late'),
('TR008', '2026-04-22 06:40:00', 'ST013', 0, NULL, '2026-04-22 06:40:00', 'On Time'),
('TR009', '2026-04-22 14:30:00', 'ST008', 0, NULL, '2026-04-22 14:30:00', 'On Time'),
('TR010', '2026-04-22 15:55:00', 'ST016', 45, 'Technical inspection required', '2026-04-22 16:40:00', 'Running Late'),
('TR011', '2026-04-22 14:30:00', 'ST001', 0, NULL, '2026-04-22 14:30:00', 'On Time'),
('TR012', '2026-04-22 20:00:00', 'ST010', 0, NULL, '2026-04-22 20:00:00', 'On Time'),
('TR013', '2026-04-22 14:40:00', 'ST006', 10, 'Heavy rain alert', '2026-04-22 14:50:00', 'Running Late'),
('TR014', '2026-04-22 09:15:00', 'ST009', 0, NULL, '2026-04-22 09:15:00', 'On Time'),
('TR015', '2026-04-22 13:50:00', 'ST001', 0, NULL, '2026-04-22 13:50:00', 'On Time'),
('TR016', '2026-04-22 16:00:00', 'ST049', 8, 'Loco link delay', '2026-04-22 16:08:00', 'Running Late'),
('TR017', '2026-04-22 08:00:00', 'ST041', 0, NULL, '2026-04-22 08:00:00', 'On Time'),
('TR018', '2026-04-22 05:45:00', 'ST087', 0, NULL, '2026-04-22 05:45:00', 'On Time'),
('TR019', '2026-04-22 06:15:00', 'ST069', 15, 'Parcel loading delay', '2026-04-22 06:30:00', 'Running Late'),
('TR020', '2026-04-22 06:00:00', 'ST063', 0, NULL, '2026-04-22 06:00:00', 'On Time'),
('TR021', '2026-04-22 07:30:00', 'ST059', 0, NULL, '2026-04-22 07:30:00', 'On Time'),
('TR022', '2026-04-22 05:45:00', 'ST091', 0, NULL, '2026-04-22 05:45:00', 'On Time'),
('TR023', '2026-04-22 05:00:00', 'ST018', 0, NULL, '2026-04-22 05:00:00', 'On Time'),
('TR024', '2026-04-22 06:00:00', 'ST095', 20, 'Unscheduled VIP crossing', '2026-04-22 06:20:00', 'Running Late'),
('TR025', '2026-04-22 08:00:00', 'ST099', 0, NULL, '2026-04-22 08:00:00', 'On Time'),
('TR026', '2026-04-22 06:00:00', 'ST067', 0, NULL, '2026-04-22 06:00:00', 'On Time'),
('TR027', '2026-04-22 05:30:00', 'ST069', 5, 'Track point failure at yard', '2026-04-22 05:35:00', 'Running Late'),
('TR028', '2026-04-22 08:00:00', 'ST020', 0, NULL, '2026-04-22 08:00:00', 'On Time'),
('TR029', '2026-04-22 10:00:00', 'ST100', 0, NULL, '2026-04-22 10:00:00', 'On Time'),
('TR030', '2026-04-22 06:00:00', 'ST091', 12, 'Crew change delay', '2026-04-22 06:12:00', 'Running Late'),
('TR031', '2026-04-22 07:00:00', 'ST061', 0, NULL, '2026-04-22 07:00:00', 'On Time'),
('TR032', '2026-04-22 10:00:00', 'ST043', 0, NULL, '2026-04-22 10:00:00', 'On Time'),
('TR033', '2026-04-22 13:00:00', 'ST021', 0, NULL, '2026-04-22 13:00:00', 'On Time'),
('TR034', '2026-04-22 09:00:00', 'ST095', 30, 'Rake preparation delay', '2026-04-22 09:30:00', 'Running Late'),
('TR035', '2026-04-22 06:00:00', 'ST010', 0, NULL, '2026-04-22 06:00:00', 'On Time'),
('TR001', '2026-04-23 16:30:00', 'ST001', 0, NULL, '2026-04-23 16:30:00', 'On Time'),
('TR002', '2026-04-23 06:00:00', 'ST001', 0, NULL, '2026-04-23 06:00:00', 'On Time'),
('TR003', '2026-04-23 23:10:00', 'ST004', 15, 'Signal clearance issue', '2026-04-23 23:25:00', 'Running Late'),
('TR004', '2026-04-23 07:30:00', 'ST007', 0, NULL, '2026-04-23 07:30:00', 'On Time'),
('TR005', '2026-04-23 17:20:00', 'ST010', 0, NULL, '2026-04-23 17:20:00', 'On Time'),
('TR006', '2026-04-23 06:10:00', 'ST001', 8, 'Fog visibility limits', '2026-04-23 06:18:00', 'Running Late'),
('TR007', '2026-04-23 17:10:00', 'ST001', 0, NULL, '2026-04-23 17:10:00', 'On Time'),
('TR008', '2026-04-23 06:40:00', 'ST013', 0, NULL, '2026-04-23 06:40:00', 'On Time'),
('TR009', '2026-04-23 14:30:00', 'ST008', 20, 'Unscheduled VIP crossing', '2026-04-23 14:50:00', 'Running Late'),
('TR010', '2026-04-23 15:55:00', 'ST016', 0, NULL, '2026-04-23 15:55:00', 'On Time'),
('TR011', '2026-04-23 14:30:00', 'ST001', 0, NULL, '2026-04-23 14:30:00', 'On Time'),
('TR012', '2026-04-23 20:00:00', 'ST010', 0, NULL, '2026-04-23 20:00:00', 'On Time'),
('TR013', '2026-04-23 14:40:00', 'ST006', 0, NULL, '2026-04-23 14:40:00', 'On Time'),
('TR014', '2026-04-23 09:15:00', 'ST009', 10, 'Track point failure at yard', '2026-04-23 09:25:00', 'Running Late'),
('TR015', '2026-04-23 13:50:00', 'ST001', 0, NULL, '2026-04-23 13:50:00', 'On Time'),
('TR016', '2026-04-23 16:00:00', 'ST049', 0, NULL, '2026-04-23 16:00:00', 'On Time'),
('TR017', '2026-04-23 08:00:00', 'ST041', 5, 'Late arrival of pairing train', '2026-04-23 08:05:00', 'Running Late'),
('TR018', '2026-04-23 05:45:00', 'ST087', 0, NULL, '2026-04-23 05:45:00', 'On Time'),
('TR019', '2026-04-23 06:15:00', 'ST069', 0, NULL, '2026-04-23 06:15:00', 'On Time'),
('TR020', '2026-04-23 06:00:00', 'ST063', 0, NULL, '2026-04-23 06:00:00', 'On Time'),
('TR021', '2026-04-23 07:30:00', 'ST059', 14, 'Loco link delay', '2026-04-23 07:44:00', 'Running Late'),
('TR022', '2026-04-23 05:45:00', 'ST091', 0, NULL, '2026-04-23 05:45:00', 'On Time'),
('TR023', '2026-04-23 05:00:00', 'ST018', 0, NULL, '2026-04-23 05:00:00', 'On Time'),
('TR024', '2026-04-23 06:00:00', 'ST095', 0, NULL, '2026-04-23 06:00:00', 'On Time'),
('TR025', '2026-04-23 08:00:00', 'ST099', 35, 'Heavy rain alert', '2026-04-23 08:35:00', 'Running Late'),
('TR026', '2026-04-23 06:00:00', 'ST067', 0, NULL, '2026-04-23 06:00:00', 'On Time'),
('TR027', '2026-04-23 05:30:00', 'ST069', 0, NULL, '2026-04-23 05:30:00', 'On Time'),
('TR028', '2026-04-23 08:00:00', 'ST020', 0, NULL, '2026-04-23 08:00:00', 'On Time'),
('TR029', '2026-04-23 10:00:00', 'ST100', 7, 'Platform unavailable', '2026-04-23 10:07:00', 'Running Late'),
('TR030', '2026-04-23 06:00:00', 'ST091', 0, NULL, '2026-04-23 06:00:00', 'On Time'),
('TR031', '2026-04-23 07:00:00', 'ST061', 0, NULL, '2026-04-23 07:00:00', 'On Time'),
('TR032', '2026-04-23 10:00:00', 'ST043', 0, NULL, '2026-04-23 10:00:00', 'On Time'),
('TR033', '2026-04-23 13:00:00', 'ST021', 18, 'Parcel loading delay', '2026-04-23 13:18:00', 'Running Late'),
('TR034', '2026-04-23 09:00:00', 'ST095', 0, NULL, '2026-04-23 09:00:00', 'On Time'),
('TR035', '2026-04-23 06:00:00', 'ST010', 0, NULL, '2026-04-23 06:00:00', 'On Time'),
('TR001', '2026-04-24 16:30:00', 'ST001', 0, NULL, '2026-04-24 16:30:00', 'On Time'),
('TR002', '2026-04-24 06:00:00', 'ST001', 0, NULL, '2026-04-24 06:00:00', 'On Time'),
('TR003', '2026-04-24 23:10:00', 'ST004', 0, NULL, '2026-04-24 23:10:00', 'On Time'),
('TR004', '2026-04-24 07:30:00', 'ST007', 0, NULL, '2026-04-24 07:30:00', 'On Time'),
('TR005', '2026-04-24 17:20:00', 'ST010', 25, 'Signal failure', '2026-04-24 17:45:00', 'Running Late'),
('TR006', '2026-04-24 06:10:00', 'ST001', 0, NULL, '2026-04-24 06:10:00', 'On Time'),
('TR007', '2026-04-24 17:10:00', 'ST001', 0, NULL, '2026-04-24 17:10:00', 'On Time'),
('TR008', '2026-04-24 06:40:00', 'ST013', 10, 'Crew change delay', '2026-04-24 06:50:00', 'Running Late'),
('TR009', '2026-04-24 14:30:00', 'ST008', 0, NULL, '2026-04-24 14:30:00', 'On Time'),
('TR010', '2026-04-24 15:55:00', 'ST016', 0, NULL, '2026-04-24 15:55:00', 'On Time'),
('TR011', '2026-04-24 14:30:00', 'ST001', 0, NULL, '2026-04-24 14:30:00', 'On Time'),
('TR012', '2026-04-24 20:00:00', 'ST010', 12, 'Late arrival of loco', '2026-04-24 20:12:00', 'Running Late'),
('TR013', '2026-04-24 14:40:00', 'ST006', 0, NULL, '2026-04-24 14:40:00', 'On Time'),
('TR014', '2026-04-24 09:15:00', 'ST009', 0, NULL, '2026-04-24 09:15:00', 'On Time'),
('TR015', '2026-04-24 13:50:00', 'ST001', 0, NULL, '2026-04-24 13:50:00', 'On Time'),
('TR016', '2026-04-24 16:00:00', 'ST049', 0, NULL, '2026-04-24 16:00:00', 'On Time'),
('TR017', '2026-04-24 08:00:00', 'ST041', 40, 'Technical inspection required', '2026-04-24 08:40:00', 'Running Late'),
('TR018', '2026-04-24 05:45:00', 'ST087', 0, NULL, '2026-04-24 05:45:00', 'On Time'),
('TR019', '2026-04-24 06:15:00', 'ST069', 0, NULL, '2026-04-24 06:15:00', 'On Time'),
('TR020', '2026-04-24 06:00:00', 'ST063', 0, NULL, '2026-04-24 06:00:00', 'On Time'),
('TR021', '2026-04-24 07:30:00', 'ST059', 0, NULL, '2026-04-24 07:30:00', 'On Time'),
('TR022', '2026-04-24 05:45:00', 'ST091', 15, 'Signal clearance issue', '2026-04-24 06:00:00', 'Running Late'),
('TR023', '2026-04-24 05:00:00', 'ST018', 0, NULL, '2026-04-24 05:00:00', 'On Time'),
('TR024', '2026-04-24 06:00:00', 'ST095', 0, NULL, '2026-04-24 06:00:00', 'On Time'),
('TR025', '2026-04-24 08:00:00', 'ST099', 0, NULL, '2026-04-24 08:00:00', 'On Time'),
('TR026', '2026-04-24 06:00:00', 'ST067', 5, 'Platform unavailable', '2026-04-24 06:05:00', 'Running Late'),
('TR027', '2026-04-24 05:30:00', 'ST069', 0, NULL, '2026-04-24 05:30:00', 'On Time'),
('TR028', '2026-04-24 08:00:00', 'ST020', 0, NULL, '2026-04-24 08:00:00', 'On Time'),
('TR029', '2026-04-24 10:00:00', 'ST100', 0, NULL, '2026-04-24 10:00:00', 'On Time'),
('TR030', '2026-04-24 06:00:00', 'ST091', 0, NULL, '2026-04-24 06:00:00', 'On Time'),
('TR031', '2026-04-24 07:00:00', 'ST061', 22, 'Late arrival of pairing train', '2026-04-24 07:22:00', 'Running Late'),
('TR032', '2026-04-24 10:00:00', 'ST043', 0, NULL, '2026-04-24 10:00:00', 'On Time'),
('TR033', '2026-04-24 13:00:00', 'ST021', 0, NULL, '2026-04-24 13:00:00', 'On Time'),
('TR034', '2026-04-24 09:00:00', 'ST095', 0, NULL, '2026-04-24 09:00:00', 'On Time'),
('TR035', '2026-04-24 06:00:00', 'ST010', 8, 'Rake preparation delay', '2026-04-24 06:08:00', 'Running Late');